STATION_ID,STATION_ID_TYPE,STATE_NAME,STATION_LOCATION,CATEGORY,STATION_STATUS,LATITUDE,LONGITUDE,STATE_NAME_MWQI,STATION_LOCATION_MWQI,CATEGORY_MWQI,LATEST_MWQI,LATEST_CLASS,MWQI_2021,MWQI_2022,MWQI_2023,MWQI_2024,MWQI_2025,CHANGE_1Y,CHANGE_5Y,MEAN_5Y,MIN_5Y,TREND_SLOPE_5Y,TREND_DIRECTION,CURRENT_POOR,CURRENT_MODERATE,DECLINING_5Y,DROP_5_PLUS,DROP_10_PLUS
MMKC001,MODERN,Kedah,Pantai Merdeka,Coastal,1.0,5.66976,100.369,Kedah,Pantai Merdeka,Coastal,88.0,Good,85.0,88.0,91.0,92.0,88.0,-4.0,3.0,88.8,85.0,0.9999999999998735,Improving,False,False,False,False,False
MMKC002,MODERN,Kedah,Langkawi Island Resort,Coastal,1.0,6.29669,99.861,Kedah,Langkawi Island Resort,Coastal,96.0,Excellent,94.0,94.0,96.0,95.0,96.0,1.0,2.0,95.0,94.0,0.4999999999999503,Stable,False,False,False,False,False
MMKC003,MODERN,Kedah,Pantai Kok,Coastal,1.0,6.36607,99.6791,Kedah,Pantai Kok,Coastal,96.0,Excellent,90.0,83.0,95.0,96.0,96.0,0.0,6.0,92.0,83.0,2.499999999999367,Improving,False,False,False,False,False
MMKC004,MODERN,Kedah,Pantai Kuah,Coastal,1.0,6.313553,99.851419,Kedah,Pantai Kuah,Coastal,91.0,Excellent,88.0,90.0,91.0,95.0,91.0,-4.0,3.0,91.0,88.0,1.0999999999997785,Improving,False,False,False,False,False
MMKC005,MODERN,Kedah,Pantai Pasir Tengkorak,Coastal,1.0,6.43123,99.7261,Kedah,Pantai Pasir Tengkorak,Coastal,95.0,Excellent,96.0,93.0,93.0,95.0,95.0,0.0,-1.0,94.4,93.0,-1.1699812587723777e-13,Stable,False,False,False,False,False
MMKC006,MODERN,Kedah,Pantai Teluk Burau,Coastal,1.0,6.36391,99.6685,Kedah,Pantai Teluk Burau,Coastal,96.0,Excellent,94.0,86.0,96.0,94.0,96.0,2.0,2.0,93.2,86.0,1.1999999999996196,Improving,False,False,False,False,False
MMKC007,MODERN,Kedah,Pantai Teluk Nibong,Coastal,1.0,6.36022,99.7022,Kedah,Pantai Teluk Nibong,Coastal,96.0,Excellent,86.0,92.0,95.0,96.0,96.0,0.0,10.0,93.0,86.0,2.3999999999997783,Improving,False,False,False,False,False
MMKC008,MODERN,Kedah,Pantai Tengah,Coastal,1.0,6.27975,99.7275,Kedah,Pantai Tengah,Coastal,95.0,Excellent,92.0,92.0,94.0,96.0,95.0,-1.0,3.0,93.8,92.0,0.9999999999997969,Improving,False,False,False,False,False
MMPC001,MODERN,Pulau Pinang,Gertak Sanggul,Coastal,1.0,5.27732,100.194,P. Pinang,Gertak Sanggul,Coastal,88.0,Good,81.0,83.0,94.0,91.0,88.0,-3.0,7.0,87.4,81.0,2.199999999999716,Improving,False,False,False,False,False
MMPC002,MODERN,Pulau Pinang,Kawasan Perindustrian Bayan Lepas I,Coastal,1.0,5.30951,100.301,P. Pinang,Kawasan Perindustrian Bayan Lepas 1,Coastal,84.0,Good,72.0,60.0,79.0,67.0,84.0,17.0,12.0,72.4,60.0,3.099999999999495,Improving,False,False,False,False,False
MMPC003,MODERN,Pulau Pinang,Pantai Bersih,Coastal,1.0,5.44167,100.378,P. Pinang,Pantai Bersih,Coastal,81.0,Good,75.0,86.0,73.0,84.0,81.0,-3.0,6.0,79.8,73.0,0.999999999999973,Improving,False,False,False,False,False
MMPC004,MODERN,Pulau Pinang,Pantai Miami,Coastal,1.0,5.47923,100.268,P. Pinang,Pantai Miami,Coastal,90.0,Excellent,70.0,86.0,90.0,88.0,90.0,2.0,20.0,84.8,70.0,4.199999999999845,Improving,False,False,False,False,False
MMPC005,MODERN,Pulau Pinang,Pantai Pasir Panjang,Coastal,1.0,5.29722,100.183,P. Pinang,Pantai Pasir Panjang,Coastal,88.0,Good,93.0,95.0,93.0,93.0,88.0,-5.0,-5.0,92.4,88.0,-1.1999999999997917,Declining,False,False,True,True,False
MMPC006,MODERN,Pulau Pinang,Batu Feringgi (Casuarina),Coastal,1.0,5.46944,100.242,P. Pinang,Batu Feringgi (Casuarina),Coastal,86.0,Good,83.0,82.0,93.0,85.0,86.0,1.0,3.0,85.8,82.0,0.8999999999999517,Improving,False,False,False,False,False
MMPC007,MODERN,Pulau Pinang,Luar Pantai Teluk Bahang,Coastal,1.0,5.462,100.213,P. Pinang,Luar Pantai Teluk Bahang,Coastal,94.0,Excellent,81.0,88.0,94.0,91.0,94.0,3.0,13.0,89.6,81.0,2.8999999999998134,Improving,False,False,False,False,False
MMPC008,MODERN,Pulau Pinang,Persiaran Gurney,Coastal,1.0,5.4373,100.313,P. Pinang,Persiaran Gurney,Coastal,71.0,Moderate,60.0,79.0,73.0,84.0,71.0,-13.0,11.0,73.4,60.0,2.6999999999998305,Improving,False,True,False,False,False
MMPC009,MODERN,Pulau Pinang,Rumah Pam Baru Perai,Coastal,1.0,5.35417,100.387,P. Pinang,Rumah Pam Baru Perai,Coastal,81.0,Good,68.0,76.0,88.0,83.0,81.0,-2.0,13.0,79.2,68.0,3.2999999999997542,Improving,False,False,False,False,False
MMPC010,MODERN,Pulau Pinang,Rumah Pam Lama Perai,Coastal,1.0,5.33445,100.31,P. Pinang,Rumah Pam Lama Perai,Coastal,69.0,Moderate,65.0,59.0,67.0,72.0,69.0,-3.0,4.0,66.4,59.0,2.099999999999377,Improving,False,True,False,False,False
MMPC011,MODERN,Pulau Pinang,Selat PP Selatan (Jelutong),Coastal,1.0,5.39108,100.329,P. Pinang,Selat PP Selatan (Jelutong),Coastal,57.0,Moderate,59.0,59.0,59.0,57.0,57.0,0.0,-2.0,58.2,57.0,-0.5999999999998715,Declining,False,True,True,False,False
MMPC012,MODERN,Pulau Pinang,Tanjung Bungah,Coastal,1.0,5.46742,100.281,P. Pinang,Tanjung Bungah,Coastal,89.0,Good,67.0,72.0,90.0,80.0,89.0,9.0,22.0,79.6,67.0,5.199999999999547,Improving,False,False,False,False,False
MMPC013,MODERN,Pulau Pinang,Teluk Tempoyak,Coastal,1.0,5.46856,100.294,P. Pinang,Tanjung Bungah 2,Coastal,76.0,Moderate,70.0,63.0,69.0,87.0,76.0,-11.0,6.0,73.0,63.0,3.599999999998831,Improving,False,True,False,False,False
MMPC014,MODERN,Pulau Pinang,Batu Maung,Coastal,1.0,5.287831,100.292314,P. Pinang,Batu Maung 2,Coastal,57.0,Moderate,69.0,58.0,72.0,71.0,57.0,-14.0,-12.0,65.4,57.0,-1.1000000000002759,Declining,False,True,True,True,True
MMAC001,MODERN,Perak,Pantai Pasir Bogak,Coastal,1.0,4.21176,100.551,Perak,Pantai Pasir Bogak,Coastal,95.0,Excellent,95.0,94.0,92.0,95.0,95.0,0.0,0.0,94.2,92.0,0.09999999999992033,Stable,False,False,False,False,False
MMAC002,MODERN,Perak,Pantai Teluk Dalam,Coastal,1.0,4.25,100.556,Perak,Pantai Teluk Dalam,Coastal,91.0,Excellent,94.0,92.0,93.0,95.0,91.0,-4.0,-3.0,93.0,91.0,-0.30000000000007776,Stable,False,False,False,False,False
MMAC003,MODERN,Perak,Pantai Teluk Batik,Coastal,1.0,4.18732,100.606,Perak,Pantai Teluk Batik,Coastal,95.0,Excellent,78.0,89.0,92.0,95.0,95.0,0.0,17.0,89.8,78.0,3.999999999999631,Improving,False,False,False,False,False
MMAC004,MODERN,Perak,Pantai Tanjung Batu,Coastal,1.0,4.42659,100.595,Perak,Pantai Tanjung Batu,Coastal,92.0,Excellent,93.0,94.0,93.0,96.0,92.0,-4.0,-1.0,93.6,92.0,-5.0020831193920274e-14,Stable,False,False,False,False,False
MMAC008,MODERN,Perak,Pantai Pasir Panjang,Coastal,1.0,4.34797,100.568,Perak,Pantai Pasir Panjang,Coastal,96.0,Excellent,91.0,95.0,94.0,95.0,96.0,1.0,5.0,94.2,91.0,0.9999999999999564,Improving,False,False,False,False,False
MMBC001,MODERN,Selangor,Pantai Bagan Lalang,Coastal,1.0,2.6054,101.687,Selangor,Pantai Bagan Lalang,Coastal,91.0,Excellent,84.0,84.0,89.0,86.0,91.0,5.0,7.0,86.8,84.0,1.599999999999837,Improving,False,False,False,False,False
MMBC002,MODERN,Selangor,Pantai Morib,Coastal,1.0,2.75,101.439,Selangor,Pantai Morib,Coastal,72.0,Moderate,68.0,84.0,88.0,85.0,72.0,-13.0,4.0,79.4,68.0,0.9000000000002435,Improving,False,True,False,False,False
MMBC003,MODERN,Selangor,Selat Pulau Babi,Coastal,1.0,3.00766,101.273,Selangor,Selat Pulau Babi,Coastal,71.0,Moderate,87.0,91.0,95.0,89.0,71.0,-18.0,-16.0,86.6,71.0,-3.399999999999411,Declining,False,True,True,True,True
MMBC004,MODERN,Selangor,Selat Klang Utara,Coastal,1.0,3.02818,101.351,Selangor,Selat Klang Utara,Coastal,55.0,Moderate,62.0,56.0,79.0,56.0,55.0,-1.0,-7.0,61.6,55.0,-1.3999999999996147,Declining,False,True,True,True,False
MMNC001,MODERN,N. Sembilan,Bagan Pinang,Coastal,1.0,2.50823,101.828,N. Sembilan,Bagan Pinang,Coastal,90.0,Excellent,91.0,90.0,95.0,95.0,90.0,-5.0,-1.0,92.2,90.0,0.29999999999987464,Stable,False,False,False,False,False
MMNC002,MODERN,N. Sembilan,Telok Sinting,Coastal,1.0,2.41522,101.941,N. Sembilan,Telok Sinting,Coastal,90.0,Excellent,87.0,94.0,89.0,91.0,90.0,-1.0,3.0,90.2,87.0,0.3000000000001196,Stable,False,False,False,False,False
MMNC003,MODERN,N. Sembilan,Port Dickson Bandar,Coastal,1.0,2.52001,101.798,N. Sembilan,Port Dickson Bandar,Coastal,91.0,Excellent,88.0,88.0,93.0,95.0,91.0,-4.0,3.0,91.0,88.0,1.299999999999717,Improving,False,False,False,False,False
MMNC004,MODERN,N. Sembilan,Port Dickson Batu 4,Coastal,1.0,2.49971,101.837,N. Sembilan,Port Dickson Batu 4,Coastal,92.0,Excellent,88.0,89.0,89.0,95.0,92.0,-3.0,4.0,90.6,88.0,1.399999999999695,Improving,False,False,False,False,False
MMNC005,MODERN,N. Sembilan,Port Dickson Batu 5,Coastal,1.0,2.49585,101.838,N. Sembilan,Port Dickson Batu 5,Coastal,89.0,Good,73.0,81.0,94.0,95.0,89.0,-6.0,16.0,86.4,73.0,4.5999999999994134,Improving,False,False,False,False,False
MMNC006,MODERN,N. Sembilan,Port Dickson Batu 6,Coastal,1.0,2.48079,101.847,N. Sembilan,Port Dickson Batu 6,Coastal,91.0,Excellent,90.0,93.0,96.0,93.0,91.0,-2.0,1.0,92.6,90.0,0.20000000000007756,Stable,False,False,False,False,False
MMNC007,MODERN,N. Sembilan,Port Dickson Batu 7,Coastal,1.0,2.46123,101.851,N. Sembilan,Port Dickson Batu 7,Coastal,92.0,Excellent,93.0,95.0,94.0,93.0,92.0,-1.0,-1.0,93.4,92.0,-0.3999999999998662,Stable,False,False,False,False,False
MMNC008,MODERN,N. Sembilan,Port Dickson Batu 8,Coastal,1.0,2.45415,101.854,N. Sembilan,Port Dickson Batu 8,Coastal,95.0,Excellent,93.0,95.0,95.0,94.0,95.0,1.0,2.0,94.4,93.0,0.30000000000003885,Stable,False,False,False,False,False
MMNC009,MODERN,N. Sembilan,Port Dickson Batu 10,Coastal,1.0,2.41706,101.856,N. Sembilan,Port Dickson Batu 10,Coastal,91.0,Excellent,92.0,97.0,95.0,95.0,91.0,-4.0,-1.0,94.0,91.0,-0.39999999999982466,Stable,False,False,False,False,False
MMNC010,MODERN,N. Sembilan,Port Dickson Janakuasa TNB,Coastal,1.0,2.54237,101.798,N. Sembilan,Port Dickson Janakuasa TNB,Coastal,91.0,Excellent,70.0,90.0,93.0,95.0,91.0,-4.0,21.0,87.8,70.0,4.699999999999757,Improving,False,False,False,False,False
MMNC011,MODERN,N. Sembilan,Telok Pelanduk,Coastal,1.0,2.41663,101.892,N. Sembilan,Telok Pelanduk,Coastal,91.0,Excellent,91.0,94.0,92.0,93.0,91.0,-2.0,0.0,92.2,91.0,-0.09999999999992577,Stable,False,False,False,False,False
MMNC012,MODERN,N. Sembilan,Pantai Cermin,Coastal,1.0,2.41499,101.861,N. Sembilan,Pantai Cermin,Coastal,94.0,Excellent,94.0,94.0,94.0,92.0,94.0,2.0,0.0,93.6,92.0,-0.19999999999991203,Stable,False,False,False,False,False
MMMC001,MODERN,Melaka,Pantai Rombang,Coastal,1.0,2.22728,102.148,Melaka,Pantai Rombang,Coastal,87.0,Good,88.0,88.0,91.0,93.0,87.0,-6.0,-1.0,89.4,87.0,0.29999999999986177,Stable,False,False,False,False,False
MMMC002,MODERN,Melaka,Pantai Kundur,Coastal,1.0,2.24319,102.14,Melaka,Pantai Kundur,Coastal,90.0,Excellent,89.0,83.0,89.0,90.0,90.0,0.0,1.0,88.2,83.0,0.8999999999996701,Improving,False,False,False,False,False
MMMC003,MODERN,Melaka,Pantai Tanjung Bidara,Coastal,1.0,2.29075,102.088,Melaka,Pantai Tanjung Bidara,Coastal,86.0,Good,69.0,87.0,92.0,94.0,86.0,-8.0,17.0,85.6,69.0,4.099999999999758,Improving,False,False,False,False,False
MMMC004,MODERN,Melaka,Teluk Gong,Coastal,1.0,2.33983,102.056,Melaka,Teluk Gong,Coastal,85.0,Good,60.0,90.0,90.0,92.0,85.0,-7.0,25.0,83.4,60.0,5.199999999999942,Improving,False,False,False,False,False
MMMC005,MODERN,Melaka,Pulau Melaka Point A(i),Coastal,1.0,2.17992,102.243,Melaka,Pulau Melaka Point A1,Coastal,82.0,Good,89.0,83.0,88.0,88.0,82.0,-6.0,-7.0,86.0,82.0,-0.9000000000000895,Declining,False,False,True,True,False
MMMC006,MODERN,Melaka,Pulau Melaka Point A(ii),Coastal,1.0,2.17644,102.252,Melaka,Pulau Melaka Point A2,Coastal,90.0,Excellent,80.0,83.0,92.0,88.0,90.0,2.0,10.0,86.6,80.0,2.4999999999997744,Improving,False,False,False,False,False
MMMC007,MODERN,Melaka,Pulau Melaka Point B(i),Coastal,1.0,2.18332,102.248,Melaka,Pulau Melaka Point B1,Coastal,59.0,Moderate,58.0,57.0,54.0,57.0,59.0,2.0,1.0,57.0,54.0,0.19999999999991616,Stable,False,True,False,False,False
MMMC008,MODERN,Melaka,Pulau Melaka Point B(ii),Coastal,1.0,2.1813,102.255,Melaka,Pulau Melaka Point B2,Coastal,58.0,Moderate,57.0,57.0,55.0,56.0,58.0,2.0,1.0,56.6,55.0,0.09999999999999364,Stable,False,True,False,False,False
MMJC001,MODERN,Johor,Tanjung Bin,Coastal,1.0,1.32456,103.557,Johor,Tanjung Bin,Coastal,87.0,Good,90.0,91.0,93.0,93.0,87.0,-6.0,-3.0,90.8,87.0,-0.39999999999996655,Stable,False,False,False,False,False
MMJC002,MODERN,Johor,Pelabuhan Tanjung Pelepas,Coastal,1.0,1.35361,103.543,Johor,Pelabuhan Tanjung Pelepas,Coastal,86.0,Good,91.0,82.0,80.0,92.0,86.0,-6.0,-5.0,86.2,80.0,-5.039865791356197e-13,Stable,False,False,False,True,False
MMJC003,MODERN,Johor,Hadapan Jabatan Laut,Coastal,1.0,1.38275,103.535,Johor,Hadapan Jabatan Laut,Coastal,73.0,Moderate,82.0,81.0,69.0,83.0,73.0,-10.0,-9.0,77.6,69.0,-1.6000000000000727,Declining,False,True,True,True,False
MMJC004,MODERN,Johor,Pantai Stulang Laut,Coastal,1.0,1.46722,103.779,Johor,Pantai Stulang Laut,Coastal,53.0,Moderate,56.0,55.0,56.0,55.0,53.0,-2.0,-3.0,55.0,53.0,-0.5999999999999344,Declining,False,True,True,False,False
MMJC005,MODERN,Johor,Jeti Teluk Jawa,Coastal,1.0,1.47354,103.848,Johor,Jeti Teluk Jawa,Coastal,59.0,Moderate,70.0,59.0,64.0,79.0,59.0,-20.0,-11.0,66.2,59.0,-0.20000000000071785,Stable,False,True,False,True,True
MMJC006,MODERN,Johor,Pelabuhan Pasir Gudang,Coastal,1.0,1.43255,103.899,Johor,Pelabuhan Pasir Gudang,Coastal,57.0,Moderate,59.0,66.0,58.0,59.0,57.0,-2.0,-2.0,59.8,57.0,-1.099999999999649,Declining,False,True,True,False,False
MMJC007,MODERN,Johor,Hadapan HSAJB,Coastal,1.0,1.45644,103.746,Johor,Hadapan HSAJB,Coastal,53.0,Moderate,58.0,51.0,56.0,56.0,53.0,-3.0,-5.0,54.8,51.0,-0.5000000000001539,Declining,False,True,True,True,False
MMJC008,MODERN,Johor,Pantai Lido,Coastal,1.0,1.46556,103.725,Johor,Pantai Lido,Coastal,52.0,Moderate,54.0,50.0,55.0,54.0,52.0,-2.0,-2.0,53.0,50.0,-1.2021390784553516e-13,Stable,False,True,False,False,False
MMJC009,MODERN,Johor,Pantai Teluk Mahkota,Coastal,1.0,1.89781,104.105,Johor,Pantai Teluk Mahkota,Coastal,91.0,Excellent,93.0,95.0,93.0,95.0,91.0,-4.0,-2.0,93.4,91.0,-0.3999999999999415,Stable,False,False,False,False,False
MMJC010,MODERN,Johor,Pantai Tanjung Leman,Coastal,1.0,2.14528,104.007,Johor,Pantai Tanjung Leman,Coastal,93.0,Excellent,97.0,94.0,96.0,96.0,93.0,-3.0,-4.0,95.2,93.0,-0.6000000000000172,Declining,False,False,True,False,False
MMJC011,MODERN,Johor,Pantai Sri Pantai,Coastal,1.0,2.37917,103.889,Johor,Pantai Sri Pantai,Coastal,94.0,Excellent,91.0,95.0,97.0,96.0,94.0,-2.0,3.0,94.6,91.0,0.699999999999996,Improving,False,False,False,False,False
MMJC012,MODERN,Johor,Tanjung Merak,Coastal,1.0,1.36275,104.11,Johor,Tanjung Merak,Coastal,90.0,Excellent,85.0,89.0,92.0,95.0,90.0,-5.0,5.0,90.2,85.0,1.5999999999997698,Improving,False,False,False,False,False
MMJC013,MODERN,Johor,Tanjung Pengelih,Coastal,1.0,1.37075,104.089,Johor,Tanjung Pengelih,Coastal,92.0,Excellent,92.0,88.0,94.0,95.0,92.0,-3.0,0.0,92.2,88.0,0.6999999999997313,Improving,False,False,False,False,False
MMJC014,MODERN,Johor,Pantai Tanjong Stapa,Coastal,1.0,1.3425,104.136,Johor,Pantai Tanjong Stapa,Coastal,76.0,Moderate,72.0,77.0,93.0,95.0,76.0,-19.0,4.0,82.6,72.0,2.5999999999995005,Improving,False,True,False,False,False
MMJC015,MODERN,Johor,Pantai Teluk Gorek,Coastal,1.0,2.5825,103.805,Johor,Pantai Teluk Gorek,Coastal,94.0,Excellent,93.0,93.0,95.0,96.0,94.0,-2.0,1.0,94.2,93.0,0.4999999999998853,Stable,False,False,False,False,False
MMJC016,MODERN,Johor,Pantai Air Papan,Coastal,1.0,2.51806,103.833,Johor,Pantai Air Papan,Coastal,95.0,Excellent,92.0,93.0,95.0,95.0,95.0,0.0,3.0,94.0,92.0,0.7999999999999049,Improving,False,False,False,False,False
MMJC017,MODERN,Johor,Jeti Kukup,Coastal,1.0,1.325,103.441,Johor,Jeti Kukup,Coastal,77.0,Moderate,62.0,83.0,70.0,76.0,77.0,1.0,15.0,73.6,62.0,2.3000000000001757,Improving,False,True,False,False,False
MMJC018,MODERN,Johor,Pasir Gogok,Coastal,1.0,1.41744,104.1,Johor,Pasir Gogok,Coastal,84.0,Good,89.0,89.0,91.0,93.0,84.0,-9.0,-5.0,89.2,84.0,-0.6000000000000153,Declining,False,False,True,True,False
MMJC019,MODERN,Johor,Tanjung Buai,Coastal,1.0,1.49669,104.045,Johor,Tanjung Buai,Coastal,83.0,Good,91.0,87.0,89.0,90.0,83.0,-7.0,-8.0,88.0,83.0,-1.2999999999999878,Declining,False,False,True,True,False
MMJC020,MODERN,Johor,Pantai Desaru,Coastal,1.0,1.54667,104.261,Johor,Pantai Desaru,Coastal,96.0,Excellent,94.0,95.0,96.0,94.0,96.0,2.0,2.0,95.0,94.0,0.3000000000000347,Stable,False,False,False,False,False
MMJC021,MODERN,Johor,Tanjung Sepang,Coastal,1.0,1.39192,104.108,Johor,Tanjung Sepang,Coastal,88.0,Good,90.0,93.0,92.0,94.0,88.0,-6.0,-2.0,91.4,88.0,-0.2999999999999416,Stable,False,False,False,False,False
MMJC022,MODERN,Johor,Tanjung Penyusup,Coastal,1.0,1.37025,104.28,Johor,Tanjung Penyusup,Coastal,93.0,Excellent,93.0,93.0,95.0,94.0,93.0,-1.0,0.0,93.6,93.0,0.099999999999991,Stable,False,False,False,False,False
MMJC023,MODERN,Johor,Pantai Sungai Lurus,Coastal,1.0,1.72833,103.029,Johor,Pantai Sungai Lurus,Coastal,84.0,Good,88.0,85.0,94.0,94.0,84.0,-10.0,-4.0,89.0,84.0,0.09999999999979668,Stable,False,False,False,False,False
MMJC024,MODERN,Johor,Punggur,Coastal,1.0,1.68472,103.098,Johor,Punggur,Coastal,74.0,Moderate,90.0,79.0,95.0,81.0,74.0,-7.0,-16.0,83.8,74.0,-2.999999999999691,Declining,False,True,True,True,True
MMCC001,MODERN,Pahang,Pantai Cherating (Club Med),Coastal,1.0,4.14197,103.409,Pahang,Pantai Cherating (Club Med A),Coastal,95.0,Excellent,95.0,80.0,96.0,96.0,95.0,-1.0,0.0,92.4,80.0,1.5999999999992902,Improving,False,False,False,False,False
MMCC002,MODERN,Pahang,Pantai Cherating (Club Med),Coastal,1.0,4.12786,103.406,Pahang,Pantai Cherating (Club Med B),Coastal,96.0,Excellent,97.0,87.0,96.0,97.0,96.0,-1.0,-1.0,94.6,87.0,0.7999999999995518,Improving,False,False,False,False,False
MMCC003,MODERN,Pahang,Pantai Cherating (Legend),Coastal,1.0,4.11167,103.386,Pahang,Pantai Cherating (Legend A),Coastal,94.0,Excellent,93.0,93.0,96.0,95.0,94.0,-1.0,1.0,94.2,93.0,0.3999999999999447,Stable,False,False,False,False,False
MMCC004,MODERN,Pahang,Pantai Cherating (Legend),Coastal,1.0,4.10461,103.386,Pahang,Pantai Cherating (Legend B),Coastal,96.0,Excellent,95.0,94.0,96.0,97.0,96.0,-1.0,1.0,95.6,94.0,0.4999999999998604,Stable,False,False,False,False,False
MMCC005,MODERN,Pahang,Pantai Muhibbah Balok,Coastal,1.0,3.94163,103.385,Pahang,Pantai Muhibbah Balok A,Coastal,93.0,Excellent,90.0,93.0,96.0,94.0,93.0,-1.0,3.0,93.2,90.0,0.6999999999999973,Improving,False,False,False,False,False
MMCC006,MODERN,Pahang,Pantai Muhibbah Balok,Coastal,1.0,3.92353,103.375,Pahang,Pantai Muhibbah Balok B,Coastal,72.0,Moderate,74.0,90.0,92.0,94.0,72.0,-22.0,-2.0,84.4,72.0,2.196186580847629e-13,Stable,False,True,False,False,False
MMCC007,MODERN,Pahang,Pantai Batu Hitam,Coastal,1.0,3.886,103.368,Pahang,Pantai Batu Hitam A,Coastal,93.0,Excellent,92.0,93.0,92.0,95.0,93.0,-2.0,1.0,93.0,92.0,0.3999999999999034,Stable,False,False,False,False,False
MMCC008,MODERN,Pahang,Pantai Batu Hitam,Coastal,1.0,3.89031,103.369,Pahang,Pantai Batu Hitam B,Coastal,92.0,Excellent,84.0,96.0,94.0,97.0,92.0,-5.0,8.0,92.6,84.0,1.6999999999999873,Improving,False,False,False,False,False
MMCC009,MODERN,Pahang,Pantai Berserah,Coastal,1.0,3.88228,103.368,Pahang,Pantai Berserah A,Coastal,96.0,Excellent,93.0,93.0,93.0,95.0,96.0,1.0,3.0,94.0,93.0,0.7999999999998442,Improving,False,False,False,False,False
MMCC010,MODERN,Pahang,Pantai Berserah,Coastal,1.0,3.876,103.369,Pahang,Pantai Berserah B,Coastal,95.0,Excellent,90.0,90.0,94.0,93.0,95.0,2.0,5.0,92.4,90.0,1.2999999999998235,Improving,False,False,False,False,False
MMCC011,MODERN,Pahang,Pantai Teluk Cempedak,Coastal,1.0,3.81667,103.374,Pahang,Pantai Teluk Cempedak A,Coastal,93.0,Excellent,94.0,95.0,95.0,92.0,93.0,1.0,-1.0,93.8,92.0,-0.4999999999998294,Stable,False,False,False,False,False
MMCC012,MODERN,Pahang,Pantai Teluk Cempedak,Coastal,1.0,3.81019,103.374,Pahang,Pantai Teluk Cempedak B,Coastal,95.0,Excellent,93.0,95.0,96.0,87.0,95.0,8.0,2.0,93.2,87.0,-0.39999999999965435,Stable,False,False,False,False,False
MMCC013,MODERN,Pahang,Pantai Teluk Gelora,Coastal,1.0,3.80303,103.364,Pahang,Pantai Teluk Gelora A,Coastal,94.0,Excellent,72.0,70.0,95.0,91.0,94.0,3.0,22.0,84.4,70.0,6.499999999998969,Improving,False,False,False,False,False
MMCC014,MODERN,Pahang,Pantai Teluk Gelora,Coastal,1.0,3.80278,103.351,Pahang,Pantai Teluk Gelora B,Coastal,89.0,Good,59.0,59.0,92.0,87.0,89.0,2.0,30.0,77.2,59.0,8.799999999998663,Improving,False,False,False,False,False
MMCC015,MODERN,Pahang,Pantai Sepat,Coastal,1.0,3.7015,103.339,Pahang,Pantai Sepat A,Coastal,94.0,Excellent,94.0,96.0,96.0,96.0,94.0,-2.0,0.0,95.2,94.0,4.3379737508514056e-14,Stable,False,False,False,False,False
MMCC016,MODERN,Pahang,Pantai Sepat (B),Coastal,1.0,3.69886,103.34,Pahang,Pantai Sepat B,Coastal,94.0,Excellent,95.0,95.0,94.0,95.0,94.0,-1.0,-1.0,94.6,94.0,-0.19999999999998885,Stable,False,False,False,False,False
MMCC017,MODERN,Pahang,Pantai Legenda (A),Coastal,1.0,3.61798,103.413,Pahang,Pantai Legenda A,Coastal,95.0,Excellent,92.0,95.0,96.0,96.0,95.0,-1.0,3.0,94.8,92.0,0.6999999999999749,Improving,False,False,False,False,False
MMCC018,MODERN,Pahang,Pantai Legenda (B),Coastal,1.0,3.55029,103.467,Pahang,Pantai Legenda B,Coastal,96.0,Excellent,92.0,95.0,97.0,96.0,96.0,0.0,4.0,95.2,92.0,0.8999999999999575,Improving,False,False,False,False,False
MMCC019,MODERN,Pahang,Pantai Kuala Api-Api,Coastal,1.0,3.28119,103.433,Pahang,Pantai Kuala Api-Api,Coastal,95.0,Excellent,94.0,95.0,96.0,96.0,95.0,-1.0,1.0,95.2,94.0,0.29999999999997984,Stable,False,False,False,False,False
MMCC020,MODERN,Pahang,Pantai Tanjung Batu,Coastal,1.0,3.20503,103.447,Pahang,Pantai Tanjung Batu,Coastal,96.0,Excellent,94.0,92.0,96.0,95.0,96.0,1.0,2.0,94.6,92.0,0.6999999999998591,Improving,False,False,False,False,False
MMTC001,MODERN,Terengganu,Pantai Batu Buruk,Coastal,1.0,5.32654,103.156,Terengganu,Pantai Batu Buruk,Coastal,95.0,Excellent,88.0,95.0,91.0,97.0,95.0,-2.0,7.0,93.2,88.0,1.5999999999998449,Improving,False,False,False,False,False
MMTC002,MODERN,Terengganu,Pantai Bukit Keluang,Coastal,1.0,5.80676,102.61,Terengganu,Pantai Bukit Keluang,Coastal,95.0,Excellent,96.0,95.0,96.0,96.0,95.0,-1.0,-1.0,95.6,95.0,-0.10000000000001608,Stable,False,False,False,False,False
MMTC003,MODERN,Terengganu,Pantai Chendering,Coastal,1.0,5.27104,103.189,Terengganu,Pantai Chendering,Coastal,93.0,Excellent,95.0,95.0,97.0,96.0,93.0,-3.0,-2.0,95.2,93.0,-0.29999999999995913,Stable,False,False,False,False,False
MMTC004,MODERN,Terengganu,Pantai Rantau Abang,Coastal,1.0,4.87237,103.393,Terengganu,Pantai Rantau Abang,Coastal,94.0,Excellent,96.0,97.0,97.0,96.0,94.0,-2.0,-2.0,96.0,94.0,-0.4999999999998909,Stable,False,False,False,False,False
MMTC005,MODERN,Terengganu,KIPC Utara,Coastal,1.0,4.61285,103.452,Terengganu,KIPC Utara,Coastal,96.0,Excellent,95.0,94.0,96.0,96.0,96.0,0.0,1.0,95.4,94.0,0.39999999999991376,Stable,False,False,False,False,False
MMTC006,MODERN,Terengganu,KIPC Tengah,Coastal,1.0,4.58227,103.466,Terengganu,KIPC Tengah,Coastal,95.0,Excellent,94.0,94.0,96.0,96.0,95.0,-1.0,1.0,95.0,94.0,0.39999999999993124,Stable,False,False,False,False,False
MMTC007,MODERN,Terengganu,KIPC Selatan,Coastal,1.0,4.5536,103.477,Terengganu,KIPC Selatan,Coastal,93.0,Excellent,95.0,95.0,96.0,95.0,93.0,-2.0,-2.0,94.8,93.0,-0.3999999999999357,Stable,False,False,False,False,False
MMDC001,MODERN,Kelantan,Pantai Seri Tujuh,Coastal,1.0,6.22804,102.117,Kelantan,Pantai Seri Tujuh,Coastal,94.0,Excellent,93.0,94.0,95.0,95.0,94.0,-1.0,1.0,94.2,93.0,0.299999999999975,Stable,False,False,False,False,False
MMDC002,MODERN,Kelantan,Pantai Cahaya Bulan,Coastal,1.0,6.19646,102.277,Kelantan,Pantai Cahaya Bulan,Coastal,95.0,Excellent,95.0,95.0,96.0,97.0,95.0,-2.0,0.0,95.6,95.0,0.1999999999999428,Stable,False,False,False,False,False
MMDC003,MODERN,Kelantan,Pantai Sabak,Coastal,1.0,6.17962,102.322,Kelantan,Pantai Sabak,Coastal,93.0,Excellent,95.0,95.0,96.0,96.0,93.0,-3.0,-2.0,95.0,93.0,-0.2999999999999768,Stable,False,False,False,False,False
MMDC004,MODERN,Kelantan,Pantai Irama Bachok,Coastal,1.0,6.06686,102.4,Kelantan,Pantai Irama Bachok,Coastal,95.0,Excellent,95.0,93.0,95.0,96.0,95.0,-1.0,0.0,94.8,93.0,0.2999999999998761,Stable,False,False,False,False,False
MMDC005,MODERN,Kelantan,Pantai Bisikan Bayu,Coastal,1.0,5.86259,102.518,Kelantan,Pantai Bisikan Bayu,Coastal,95.0,Excellent,95.0,94.0,96.0,96.0,95.0,-1.0,0.0,95.2,94.0,0.19999999999993062,Stable,False,False,False,False,False
MMQC001,MODERN,Sarawak,Pantai Sematan,Coastal,1.0,1.82722,109.775,Sarawak,Pantai Sematan,Coastal,79.0,Moderate,93.0,90.0,66.0,68.0,79.0,11.0,-14.0,79.2,66.0,-4.99999999999918,Declining,False,True,True,True,True
MMQC002,MODERN,Sarawak,Pantai Pandan,Coastal,1.0,1.76553,109.865,Sarawak,Pantai Pandan,Coastal,75.0,Moderate,92.0,86.0,62.0,60.0,75.0,15.0,-17.0,75.0,60.0,-5.999999999999011,Declining,False,True,True,True,True
MMQC003,MODERN,Sarawak,Pantai Pasir Putih,Coastal,1.0,1.66153,110.487,Sarawak,Pantai Pasir Putih,Coastal,75.0,Moderate,84.0,85.0,76.0,64.0,75.0,11.0,-9.0,76.8,64.0,-3.899999999999043,Declining,False,True,True,True,False
MMQC004,MODERN,Sarawak,Pantai Bako,Coastal,1.0,1.71806,110.442,Sarawak,Pantai Bako,Coastal,80.0,Good,89.0,91.0,70.0,63.0,80.0,17.0,-9.0,78.6,63.0,-4.599999999998904,Declining,False,False,True,True,False
MMQC005,MODERN,Sarawak,Pantai Damai,Coastal,1.0,1.75026,110.308,Sarawak,Pantai Damai,Coastal,89.0,Good,86.0,89.0,75.0,74.0,89.0,15.0,3.0,82.6,74.0,-0.8999999999995915,Declining,False,False,True,False,False
MMQC006,MODERN,Sarawak,Pantai Tanjung Kembang,Coastal,1.0,1.82444,111.096,Sarawak,Pantai Tanjung Kembang,Coastal,69.0,Moderate,77.0,90.0,58.0,70.0,69.0,-1.0,-8.0,72.8,58.0,-3.5999999999992074,Declining,False,True,True,True,False
MMQC007,MODERN,Sarawak,Pantai Harmoni Mukah,Coastal,1.0,2.90972,112.056,Sarawak,Pantai Harmoni Mukah,Coastal,73.0,Moderate,67.0,73.0,76.0,78.0,73.0,-5.0,6.0,73.4,67.0,1.699999999999818,Improving,False,True,False,False,False
MMQC008,MODERN,Sarawak,Pantai Tanjung Batu,Coastal,1.0,3.21064,113.043,Sarawak,Pantai Tanjung Batu,Coastal,66.0,Moderate,81.0,74.0,58.0,68.0,66.0,-2.0,-15.0,69.4,58.0,-3.5999999999997874,Declining,False,True,True,True,True
MMQC009,MODERN,Sarawak,Pantai Likau,Coastal,1.0,3.34426,113.148,Sarawak,Pantai Likau,Coastal,83.0,Good,88.0,66.0,58.0,75.0,83.0,8.0,-5.0,74.0,58.0,-0.10000000000079712,Stable,False,False,False,True,False
MMQC010,MODERN,Sarawak,Pantai Emas,Coastal,1.0,3.44106,113.224,Sarawak,Pantai Emas,Coastal,76.0,Moderate,75.0,66.0,58.0,72.0,76.0,4.0,1.0,69.4,58.0,0.7999999999994403,Improving,False,True,False,False,False
MMQC011,MODERN,Sarawak,Pantai Piasau,Coastal,1.0,4.43787,113.994,Sarawak,Pantai Piasau,Coastal,65.0,Moderate,85.0,74.0,72.0,58.0,65.0,7.0,-20.0,70.8,58.0,-5.599999999999125,Declining,False,True,True,True,True
MMQC012,MODERN,Sarawak,Pantai Brighton,Coastal,1.0,4.37878,113.97,Sarawak,Pantai Brighton,Coastal,74.0,Moderate,75.0,56.0,61.0,57.0,74.0,17.0,-1.0,64.6,56.0,-0.10000000000030355,Stable,False,True,False,False,False
MMQC013,MODERN,Sarawak,Pantai Esplaned,Coastal,1.0,4.32458,113.961,Sarawak,Pantai Esplaned,Coastal,82.0,Good,83.0,56.0,57.0,57.0,82.0,25.0,-1.0,67.0,56.0,-0.10000000000052271,Stable,False,False,False,False,False
MMQC014,MODERN,Sarawak,Pantai Beraya,Coastal,1.0,4.19248,113.877,Sarawak,Pantai Beraya,Coastal,81.0,Good,83.0,57.0,58.0,58.0,81.0,23.0,-2.0,67.4,57.0,-0.30000000000047583,Stable,False,False,False,False,False
MMQC015,MODERN,Sarawak,Pantai Bungai,Coastal,1.0,4.06457,113.782,Sarawak,Pantai Bungai,Coastal,83.0,Good,75.0,66.0,56.0,57.0,83.0,26.0,8.0,67.4,56.0,0.699999999999876,Improving,False,False,False,False,False
MMQC016,MODERN,Sarawak,Pantai Belawai,Coastal,1.0,2.22094,111.208,Sarawak,Pantai Belawai,Coastal,73.0,Moderate,67.0,92.0,64.0,61.0,73.0,12.0,6.0,71.4,61.0,-1.8999999999987818,Declining,False,True,True,False,False
MMSC001,MODERN,Sabah,Pantai Teluk Brunei 1,Coastal,1.0,5.14579,115.52,Sabah,Pantai Teluk Brunei 1,Coastal,65.0,Moderate,73.0,61.0,60.0,74.0,65.0,-9.0,-8.0,66.6,60.0,-0.30000000000060545,Stable,False,True,False,True,False
MMSC002,MODERN,Sabah,Pantai Teluk Brunei 2,Coastal,1.0,5.11798,115.528,Sabah,Pantai Teluk Brunei 2,Coastal,79.0,Moderate,84.0,67.0,59.0,75.0,79.0,4.0,-5.0,72.8,59.0,-0.2000000000006637,Stable,False,True,False,True,False
MMSC003,MODERN,Sabah,Pantai Teluk Brunei 3,Coastal,1.0,5.16107,115.496,Sabah,Pantai Teluk Brunei 3,Coastal,67.0,Moderate,75.0,67.0,59.0,66.0,67.0,1.0,-8.0,66.8,59.0,-1.7000000000000457,Declining,False,True,True,True,False
MMSC004,MODERN,Sabah,Pantai Teluk Brunei 4,Coastal,1.0,5.17585,115.472,Sabah,Pantai Teluk Brunei 4,Coastal,81.0,Good,84.0,60.0,59.0,66.0,81.0,15.0,-3.0,70.0,59.0,-6.531437752705679e-13,Stable,False,False,False,False,False
MMSC005,MODERN,Sabah,Pantai Teluk Brunei 5,Coastal,1.0,5.20352,115.435,Sabah,Pantai Teluk Brunei 5,Coastal,74.0,Moderate,69.0,59.0,59.0,59.0,74.0,15.0,5.0,64.0,59.0,0.999999999999697,Improving,False,True,False,False,False
MMSC006,MODERN,Sabah,Pantai Teluk Brunei 6,Coastal,1.0,5.09419,115.527,Sabah,Pantai Teluk Brunei 6,Coastal,89.0,Good,58.0,59.0,59.0,74.0,89.0,15.0,31.0,67.8,58.0,7.699999999998708,Improving,False,False,False,False,False
MMSC007,MODERN,Sabah,Borneo Golf Seawater,Coastal,1.0,5.55,115.784,Sabah,Borneo Golf Seawater,Coastal,81.0,Good,59.0,67.0,59.0,71.0,81.0,10.0,22.0,67.4,59.0,4.799999999999376,Improving,False,False,False,False,False
MMSC008,MODERN,Sabah,Pantai Manis Papar,Coastal,1.0,5.74425,115.893,Sabah,Pantai Manis Papar,Coastal,74.0,Moderate,59.0,60.0,62.0,59.0,74.0,15.0,15.0,62.8,59.0,2.899999999999756,Improving,False,True,False,False,False
MMSC009,MODERN,Sabah,Pantai Melinsung,Coastal,1.0,5.80474,115.975,Sabah,Pantai Melinsung,Coastal,60.0,Moderate,70.0,59.0,65.0,60.0,60.0,0.0,-10.0,62.8,59.0,-1.8999999999999395,Declining,False,True,True,True,True
MMSC024,MODERN,Sabah,Pantai Tanjung Aru (Rest Lido),Coastal,1.0,5.91084,116.008,Sabah,Pantai Tanjung Aru (Rest Lido),Coastal,89.0,Good,69.0,58.0,59.0,81.0,89.0,8.0,20.0,71.2,58.0,6.299999999998401,Improving,False,False,False,False,False
MMSC010,MODERN,Sabah,Pantai Tanjung Aru (Roll Skating),Coastal,1.0,5.93302,116.017,Sabah,Pantai Tanjung Aru (Roll Skating),Coastal,87.0,Good,65.0,57.0,58.0,61.0,87.0,26.0,22.0,65.6,57.0,4.799999999999206,Improving,False,False,False,False,False
MMSC011,MODERN,Sabah,Pantai Tanjung Aru (No. 3),Coastal,1.0,5.88876,116.015,Sabah,Pantai Tanjung Aru (No. 3),Coastal,87.0,Good,76.0,57.0,59.0,64.0,87.0,23.0,11.0,68.6,57.0,2.899999999999129,Improving,False,False,False,False,False
MMSC012,MODERN,Sabah,Pantai Lok Kawi,Coastal,1.0,5.86013,116.027,Sabah,Pantai Lok Kawi,Coastal,83.0,Good,65.0,58.0,59.0,58.0,83.0,25.0,18.0,64.6,58.0,3.599999999999478,Improving,False,False,False,False,False
MMSC013,MODERN,Sabah,Pantai Dalit Tuaran,Coastal,1.0,6.18875,116.166,Sabah,Pantai Dalit Tuaran,Coastal,59.0,Moderate,58.0,58.0,59.0,74.0,59.0,-15.0,1.0,61.6,58.0,1.7999999999993297,Improving,False,True,False,False,False
MMSC014,MODERN,Sabah,Mangrove Paradise,Coastal,1.0,6.25857,116.221,Sabah,Mangrove Paradise,Coastal,66.0,Moderate,58.0,58.0,61.0,72.0,66.0,-6.0,8.0,63.0,58.0,2.999999999999284,Improving,False,True,False,False,False
MMSC015,MODERN,Sabah,Pantai Sabandar,Coastal,1.0,6.20353,116.175,Sabah,Pantai Sabandar,Coastal,62.0,Moderate,58.0,58.0,59.0,73.0,62.0,-11.0,4.0,62.0,58.0,2.2999999999993066,Improving,False,True,False,False,False
MMSC016,MODERN,Sabah,Pantai Bak-Bak Kudat,Coastal,1.0,6.94565,116.842,Sabah,Pantai Bak-Bak Kudat,Coastal,78.0,Moderate,76.0,85.0,59.0,64.0,78.0,14.0,2.0,72.4,59.0,-1.6999999999993767,Declining,False,True,True,False,False
MMSC017,MODERN,Sabah,Pasir Putih Sandakan,Coastal,1.0,5.82423,118.086,Sabah,Pasir Putih Sandakan,Coastal,73.0,Moderate,83.0,82.0,58.0,73.0,73.0,0.0,-10.0,73.8,58.0,-2.899999999999775,Declining,False,True,True,True,True
MMSC018,MODERN,Sabah,Pantai TLDM,Coastal,1.0,5.83896,118.127,Sabah,Pantai TLDM,Coastal,79.0,Moderate,75.0,62.0,59.0,89.0,79.0,-10.0,4.0,72.8,59.0,3.4999999999985,Improving,False,True,False,False,False
MMSC019,MODERN,Sabah,Pantai Batu Sapi,Coastal,1.0,5.79512,118.04,Sabah,Pantai Batu Sapi,Coastal,79.0,Moderate,76.0,75.0,58.0,77.0,79.0,2.0,3.0,73.0,58.0,0.7999999999995865,Improving,False,True,False,False,False
MMSC020,MODERN,Sabah,Pantai Ulu Tungku,Coastal,1.0,5.01293,118.89,Sabah,Pantai Ulu Tungku,Coastal,65.0,Moderate,57.0,58.0,59.0,69.0,65.0,-4.0,8.0,61.6,57.0,2.6999999999994015,Improving,False,True,False,False,False
MMSC021,MODERN,Sabah,Pantai Sarina Kunak,Coastal,1.0,4.66139,118.284,Sabah,Pantai Sarina Kunak,Coastal,69.0,Moderate,58.0,58.0,59.0,62.0,69.0,7.0,11.0,61.2,58.0,2.599999999999606,Improving,False,True,False,False,False
MMSC022,MODERN,Sabah,Pantai Kg. Lamak,Coastal,1.0,4.969972,118.236731,Sabah,Pantai Kg. Lamak,Coastal,80.0,Good,57.0,61.0,59.0,68.0,80.0,12.0,23.0,65.0,57.0,5.299999999999245,Improving,False,False,False,False,False
MMSC023,MODERN,Sabah,Pantai Tinagat,Coastal,1.0,4.22278,117.984,Sabah,Pantai Tinagat,Coastal,62.0,Moderate,58.0,68.0,58.0,88.0,62.0,-26.0,4.0,66.8,58.0,2.799999999999134,Improving,False,True,False,False,False
MMLC001,MODERN,Labuan,Pulau Papan,Coastal,1.0,5.2549,115.268,W.P. Labuan,Pulau Papan,Coastal,83.0,Good,59.0,58.0,59.0,58.0,83.0,25.0,24.0,63.4,58.0,4.799999999999462,Improving,False,False,False,False,False
MMLC002,MODERN,Labuan,Kiamsam,Coastal,1.0,5.25526,115.175,W.P. Labuan,Kiamsam,Coastal,79.0,Moderate,58.0,58.0,59.0,72.0,79.0,7.0,21.0,65.2,58.0,5.599999999998968,Improving,False,True,False,False,False
MMLC003,MODERN,Labuan,Sungai Pagar,Coastal,1.0,5.27341,115.167,W.P. Labuan,Sungai Pagar,Coastal,75.0,Moderate,58.0,59.0,59.0,76.0,75.0,-1.0,17.0,65.4,58.0,5.099999999998938,Improving,False,True,False,False,False
MMLC004,MODERN,Labuan,Layang-Layangan,Coastal,1.0,5.33422,115.193,W.P. Labuan,Layang- Layangan,Coastal,88.0,Good,57.0,58.0,59.0,74.0,88.0,14.0,31.0,67.2,57.0,7.799999999998681,Improving,False,False,False,False,False
MMLC005,MODERN,Labuan,Tanjung Aru,Coastal,1.0,5.3506,115.244,W.P. Labuan,Tanjung Aru,Coastal,71.0,Moderate,59.0,60.0,59.0,65.0,71.0,6.0,12.0,62.8,59.0,2.8999999999995296,Improving,False,True,False,False,False
MMRE001,MODERN,Perlis,Kuala Sungai Baru,Estuary,1.0,6.40007,100.119,Perlis,Kuala Sungai Perlis,Estuary,57.0,Moderate,57.0,57.0,55.0,58.0,57.0,-1.0,0.0,56.8,55.0,0.09999999999993149,Stable,False,True,False,False,False
MMRE002,MODERN,Perlis,Kuala Sungai Perlis,Estuary,1.0,6.33242,100.15,Perlis,Kuala Sungai Baru,Estuary,57.0,Moderate,57.0,57.0,56.0,56.0,57.0,1.0,0.0,56.6,56.0,-0.09999999999997433,Stable,False,True,False,False,False
MMKE001,MODERN,Kedah,Kuala Kedah,Estuary,1.0,6.10482,100.282,Kedah,Kuala Kedah,Estuary,56.0,Moderate,57.0,56.0,54.0,64.0,56.0,-8.0,-1.0,57.4,54.0,0.5999999999996456,Improving,False,True,False,False,False
MMKE002,MODERN,Kedah,Kuala Jerlun,Estuary,1.0,6.2105,100.238,Kedah,Kuala Jerlun,Estuary,56.0,Moderate,55.0,54.0,56.0,57.0,56.0,-1.0,1.0,55.6,54.0,0.4999999999998658,Stable,False,True,False,False,False
MMPE001,MODERN,Pulau Pinang,Kuala Sungai Jawi,Estuary,1.0,5.28056,100.417,P. Pinang,Kuala Sungai Jawi,Estuary,69.0,Moderate,43.0,52.0,72.0,53.0,69.0,16.0,26.0,57.8,43.0,5.299999999999849,Improving,False,True,False,False,False
MMPE002,MODERN,Pulau Pinang,Kuala Sungai Juru,Estuary,1.0,5.33889,100.406,P. Pinang,Kuala Sungai Juru,Estuary,46.0,Poor,42.0,53.0,55.0,47.0,46.0,-1.0,4.0,48.6,42.0,0.20000000000040488,Stable,True,False,False,False,False
MMPE003,MODERN,Pulau Pinang,Kuala Sungai Kerian,Estuary,1.0,5.17034,100.424,P. Pinang,Kuala Sungai Kerian,Estuary,79.0,Moderate,56.0,73.0,55.0,68.0,79.0,11.0,23.0,66.2,55.0,4.099999999999759,Improving,False,True,False,False,False
MMPE004,MODERN,Pulau Pinang,Kuala Sungai Pinang,Estuary,1.0,5.4,100.335,P. Pinang,Kuala Sungai Pinang,Estuary,47.0,Poor,52.0,54.0,48.0,47.0,47.0,0.0,-5.0,49.6,47.0,-1.6999999999996445,Declining,True,False,True,True,False
MMPE005,MODERN,Pulau Pinang,Kuala Sungai Perai,Estuary,1.0,5.38333,100.367,P. Pinang,Kuala Sungai Perai,Estuary,52.0,Moderate,55.0,55.0,56.0,55.0,52.0,-3.0,-3.0,54.6,52.0,-0.599999999999918,Declining,False,True,True,False,False
MMPE006,MODERN,Pulau Pinang,Kuala Sungai Tengah,Estuary,1.0,5.21139,100.425,P. Pinang,Kuala Sungai Tengah,Estuary,76.0,Moderate,57.0,81.0,87.0,65.0,76.0,11.0,19.0,73.2,57.0,2.2000000000007947,Improving,False,True,False,False,False
MMPE007,MODERN,Pulau Pinang,Kuala Sungai Pinang (Balik Pulau),Estuary,1.0,5.39155,100.186,P. Pinang,Kuala Sungai Pinang (Balik Pulau),Estuary,64.0,Moderate,56.0,58.0,72.0,56.0,64.0,8.0,8.0,61.2,56.0,1.4000000000001482,Improving,False,True,False,False,False
MMAE001,MODERN,Perak,Kuala Sungai Manjung,Estuary,1.0,4.24841,100.594,Perak,Kuala Sungai Manjung,Estuary,86.0,Good,73.0,85.0,89.0,94.0,86.0,-8.0,13.0,85.4,73.0,3.499999999999631,Improving,False,False,False,False,False
MMAE002,MODERN,Perak,Kuala Sungai Gula,Estuary,1.0,4.92269,100.467,Perak,Kuala Sungai Gula,Estuary,69.0,Moderate,54.0,79.0,57.0,58.0,69.0,11.0,15.0,63.4,54.0,0.9000000000006965,Improving,False,True,False,False,False
MMAE003,MODERN,Perak,Kuala Sungai Kurau,Estuary,1.0,4.99481,100.415,Perak,Kuala Sungai Kurau,Estuary,54.0,Moderate,54.0,64.0,56.0,58.0,54.0,-4.0,0.0,57.2,54.0,-0.5999999999996778,Declining,False,True,True,False,False
MMAE004,MODERN,Perak,Kuala Sungai Tanjung Piandang,Estuary,1.0,5.07661,100.374,Perak,Kuala Sungai Tanjung Piandang,Estuary,53.0,Moderate,45.0,50.0,51.0,51.0,53.0,2.0,8.0,50.0,45.0,1.6999999999998943,Improving,False,True,False,False,False
MMAE005,MODERN,Perak,Kuala Sungai Sepetang,Estuary,1.0,4.7756,100.588,Perak,Kuala Sungai Sepetang,Estuary,56.0,Moderate,55.0,53.0,53.0,58.0,56.0,-2.0,1.0,55.0,53.0,0.6999999999997348,Improving,False,True,False,False,False
MMAE006,MODERN,Perak,Kuala Sungai Perak,Estuary,1.0,4.00002,100.756,Perak,Kuala Sungai Perak,Estuary,66.0,Moderate,55.0,75.0,62.0,82.0,66.0,-16.0,11.0,68.0,55.0,2.8999999999996557,Improving,False,True,False,False,False
MMBE001,MODERN,Selangor,Kuala Sungai Sepang,Estuary,1.0,2.59575,101.713,Selangor,Kuala Sungai Sepang,Estuary,71.0,Moderate,66.0,72.0,83.0,70.0,71.0,1.0,5.0,72.4,66.0,0.8000000000002521,Improving,False,True,False,False,False
MMBE002,MODERN,Selangor,Kuala Sungai Sepang (Kecil),Estuary,1.0,2.60987,101.685,Selangor,Kuala Sungai Sepang (Kecil),Estuary,72.0,Moderate,80.0,58.0,82.0,57.0,72.0,15.0,-8.0,69.8,57.0,-1.6999999999998385,Declining,False,True,True,True,False
MMBE003,MODERN,Selangor,Kuala Sungai Sepang (Kawalan),Estuary,1.0,2.59749,101.69,Selangor,Kuala Sungai Sepang (Kawalan),Estuary,89.0,Good,81.0,91.0,90.0,84.0,89.0,5.0,8.0,87.0,81.0,0.900000000000292,Improving,False,False,False,False,False
MMBE004,MODERN,Selangor,Kuala Sungai Langat (Jugra),Estuary,1.0,2.8024,101.407,Selangor,Kuala Sungai Langat (Jugra),Estuary,54.0,Moderate,54.0,58.0,63.0,53.0,54.0,1.0,0.0,56.4,53.0,-0.4999999999996409,Stable,False,True,False,False,False
MMBE005,MODERN,Selangor,Kuala Sungai Klang,Estuary,1.0,3.00191,101.389,Selangor,Kuala Sungai Klang,Estuary,49.0,Poor,40.0,43.0,51.0,51.0,49.0,-2.0,9.0,46.8,40.0,2.5999999999996444,Improving,True,False,False,False,False
MMBE006,MODERN,Selangor,Kuala Sungai Langat (Lumut),Estuary,1.0,2.9668,101.309,Selangor,Kuala Sungai Langat (Lumut),Estuary,54.0,Moderate,54.0,55.0,60.0,63.0,54.0,-9.0,0.0,57.2,54.0,0.7999999999997628,Improving,False,True,False,False,False
MMBE007,MODERN,Selangor,Kuala Sungai Buloh,Estuary,1.0,3.25504,101.3,Selangor,Kuala Sungai Buloh,Estuary,57.0,Moderate,57.0,56.0,64.0,56.0,57.0,1.0,0.0,58.0,56.0,9.844708997233454e-14,Stable,False,True,False,False,False
MMBE008,MODERN,Selangor,Kuala Sungai Selangor,Estuary,1.0,3.33333,101.225,Selangor,Kuala Sungai Selangor,Estuary,54.0,Moderate,43.0,51.0,55.0,49.0,54.0,5.0,11.0,50.4,43.0,2.000000000000051,Improving,False,True,False,False,False
MMBE009,MODERN,Selangor,Kuala Sungai Tengi,Estuary,1.0,3.39618,101.167,Selangor,Kuala Sungai Tengi,Estuary,55.0,Moderate,51.0,48.0,56.0,52.0,55.0,3.0,4.0,52.4,48.0,1.1999999999998054,Improving,False,True,False,False,False
MMBE010,MODERN,Selangor,Kuala Sungai Bernam,Estuary,1.0,3.85,100.817,Selangor,Kuala Sungai Bernam,Estuary,57.0,Moderate,55.0,61.0,54.0,55.0,57.0,2.0,2.0,56.4,54.0,-0.19999999999978058,Stable,False,True,False,False,False
MMNE001,MODERN,N. Sembilan,Kuala Sungai Linggi,Estuary,1.0,2.39101,101.973,N. Sembilan,Kuala Sungai Linggi,Estuary,54.0,Moderate,68.0,55.0,68.0,67.0,54.0,-13.0,-14.0,62.4,54.0,-1.6000000000002341,Declining,False,True,True,True,True
MMNE002,MODERN,N. Sembilan,Kuala Sungai Lukut,Estuary,1.0,2.57802,101.788,N. Sembilan,Kuala Sungai Lukut,Estuary,52.0,Moderate,56.0,53.0,55.0,52.0,52.0,0.0,-4.0,53.6,52.0,-0.8999999999998937,Declining,False,True,True,False,False
MMME001,MODERN,Melaka,Kuala Sungai Melaka,Estuary,1.0,2.18572,102.242,Melaka,Kuala Sungai Melaka,Estuary,56.0,Moderate,60.0,63.0,56.0,54.0,56.0,2.0,-4.0,57.8,54.0,-1.6999999999995803,Declining,False,True,True,False,False
MMME002,MODERN,Melaka,Kuala Sungai Sri Melaka,Estuary,1.0,2.20647,102.198,Melaka,Kuala Sungai Sri Melaka,Estuary,54.0,Moderate,50.0,54.0,53.0,56.0,54.0,-2.0,4.0,53.4,50.0,0.9999999999998956,Improving,False,True,False,False,False
MMME003,MODERN,Melaka,Kuala Sungai Merlimau,Estuary,1.0,2.12689,102.414,Melaka,Kuala Sungai Merlimau,Estuary,56.0,Moderate,58.0,57.0,53.0,55.0,56.0,1.0,-2.0,55.8,53.0,-0.5999999999999465,Declining,False,True,True,False,False
MMME004,MODERN,Melaka,Kuala Sungai Kesang,Estuary,1.0,2.09814,102.489,Melaka,Kuala Sungai Kesang,Estuary,58.0,Moderate,74.0,57.0,57.0,56.0,58.0,2.0,-16.0,60.4,56.0,-3.299999999999925,Declining,False,True,True,True,True
MMME005,MODERN,Melaka,Kuala Sungai Sebatu,Estuary,1.0,2.10753,102.462,Melaka,Kuala Sungai Sebatu,Estuary,59.0,Moderate,63.0,75.0,57.0,53.0,59.0,6.0,-4.0,61.4,53.0,-2.99999999999903,Declining,False,True,True,False,False
MMJE001,MODERN,Johor,Kuala Sungai Segget,Estuary,1.0,1.45583,103.766,Johor,Kuala Sungai Segget,Estuary,48.0,Poor,51.0,46.0,51.0,53.0,48.0,-5.0,-3.0,49.8,46.0,0.099999999999754,Stable,True,False,False,False,False
MMJE003,MODERN,Johor,Kuala Sungai Johor,Estuary,1.0,1.48444,104.023,Johor,Kuala Sungai Johor,Estuary,86.0,Good,92.0,92.0,81.0,89.0,86.0,-3.0,-6.0,88.0,81.0,-1.4999999999998994,Declining,False,False,True,True,False
MMJE004,MODERN,Johor,Kuala Sungai Batu Pahat,Estuary,1.0,1.81451,102.89,Johor,Kuala Sungai Batu Pahat,Estuary,55.0,Moderate,58.0,57.0,57.0,52.0,55.0,3.0,-3.0,55.8,52.0,-1.099999999999745,Declining,False,True,True,False,False
MMJE005,MODERN,Johor,Kuala Sungai Muar,Estuary,1.0,2.05212,102.552,Johor,Kuala Sungai Muar,Estuary,55.0,Moderate,57.0,55.0,56.0,56.0,55.0,-1.0,-2.0,55.8,55.0,-0.30000000000001975,Stable,False,True,False,False,False
MMJE006,MODERN,Johor,Kuala Sungai Mersing,Estuary,1.0,2.43681,103.842,Johor,Kuala Sungai Mersing,Estuary,59.0,Moderate,59.0,59.0,78.0,58.0,59.0,1.0,0.0,62.6,58.0,-0.09999999999967518,Stable,False,True,False,False,False
MMTE001,MODERN,Terengganu,Kuala Sungai Besut,Estuary,1.0,5.83411,102.558,Terengganu,Kuala Sungai Besut,Estuary,71.0,Moderate,74.0,70.0,60.0,89.0,71.0,-18.0,-3.0,72.8,60.0,1.2999999999990537,Improving,False,True,False,False,False
MMTE002,MODERN,Terengganu,Kuala Sungai Dungun,Estuary,1.0,4.78108,103.428,Terengganu,Kuala Sungai Dungun,Estuary,59.0,Moderate,69.0,59.0,85.0,87.0,59.0,-28.0,-10.0,71.8,59.0,0.7999999999992536,Improving,False,True,False,True,True
MMTE003,MODERN,Terengganu,Kuala Sungai Ibai,Estuary,1.0,5.28899,103.176,Terengganu,Kuala Sungai Ibai,Estuary,87.0,Good,90.0,87.0,73.0,92.0,87.0,-5.0,-3.0,85.8,73.0,-0.10000000000039606,Stable,False,False,False,False,False
MMTE004,MODERN,Terengganu,Kuala Sungai Kerteh,Estuary,1.0,4.51441,103.456,Terengganu,Kuala Sungai Kerteh,Estuary,84.0,Good,58.0,75.0,75.0,85.0,84.0,-1.0,26.0,75.4,58.0,6.1999999999993385,Improving,False,False,False,False,False
MMTE005,MODERN,Terengganu,Kuala Sungai Marang,Estuary,1.0,5.20944,103.214,Terengganu,Kuala Sungai Marang,Estuary,79.0,Moderate,84.0,84.0,79.0,86.0,79.0,-7.0,-5.0,82.4,79.0,-0.800000000000041,Declining,False,True,True,True,False
MMTE006,MODERN,Terengganu,Kuala Sungai Paka,Estuary,1.0,4.655,103.444,Terengganu,Kuala Sungai Paka,Estuary,84.0,Good,65.0,87.0,83.0,83.0,84.0,1.0,19.0,80.4,65.0,3.400000000000109,Improving,False,False,False,False,False
MMTE007,MODERN,Terengganu,Kuala Sungai Setiu,Estuary,1.0,5.65189,102.764,Terengganu,Kuala Sungai Setiu,Estuary,90.0,Excellent,92.0,75.0,92.0,92.0,90.0,-2.0,-2.0,88.2,75.0,1.2999999999992713,Improving,False,False,False,False,False
MMTE008,MODERN,Terengganu,Kuala Sungai Terengganu,Estuary,1.0,5.33979,103.152,Terengganu,Kuala Sungai Terengganu,Estuary,74.0,Moderate,66.0,59.0,69.0,59.0,74.0,15.0,8.0,65.4,59.0,1.59999999999984,Improving,False,True,False,False,False
MMTE009,MODERN,Terengganu,Kuala Sungai Kemaman/ Chukai,Estuary,1.0,4.22637,103.447,Terengganu,Kuala Sungai Kemaman/ Chukai,Estuary,75.0,Moderate,58.0,59.0,60.0,64.0,75.0,11.0,17.0,63.2,58.0,3.8999999999994506,Improving,False,True,False,False,False
MMTE010,MODERN,Terengganu,"Tioxide Utara (Kg. Bukit Kuang, Kijal)",Estuary,1.0,4.27831,103.479,Terengganu,"Tioxide Utara (Kg. Bukit Kuang, Kijal)",Estuary,96.0,Excellent,94.0,97.0,95.0,97.0,96.0,-1.0,2.0,95.8,94.0,0.3999999999999879,Stable,False,False,False,False,False
MMTE011,MODERN,Terengganu,"Tioxide Tengah (Pupuk Semangat, Kijal)",Estuary,1.0,4.2705,103.478,Terengganu,"Tioxide Tengah (Pupuk Semangat, Kijal)",Estuary,96.0,Excellent,93.0,96.0,95.0,97.0,96.0,-1.0,3.0,95.4,93.0,0.6999999999999382,Improving,False,False,False,False,False
MMTE012,MODERN,Terengganu,"Tioxide Selatan (KSB, T. Kalong)",Estuary,1.0,4.25114,103.466,Terengganu,"Tioxide Selatan (Ksb, T. Kalong)",Estuary,96.0,Excellent,86.0,95.0,95.0,97.0,96.0,-1.0,10.0,93.8,86.0,2.199999999999874,Improving,False,False,False,False,False
MMTE013,MODERN,Terengganu,Pulau Duyung,Estuary,1.0,5.33489,103.129,Terengganu,Pulau Duyung,Estuary,73.0,Moderate,59.0,60.0,59.0,59.0,73.0,14.0,14.0,62.0,59.0,2.699999999999731,Improving,False,True,False,False,False
MMDE001,MODERN,Kelantan,Kuala Sungai Golok,Estuary,1.0,6.23286,102.09,Kelantan,Kuala Sungai Golok,Estuary,82.0,Good,79.0,65.0,74.0,87.0,82.0,-5.0,3.0,77.4,65.0,2.7999999999988883,Improving,False,False,False,False,False
MMDE002,MODERN,Kelantan,Kuala Sungai Kelantan,Estuary,1.0,6.21685,102.237,Kelantan,Kuala Sungai Kelantan,Estuary,68.0,Moderate,70.0,57.0,66.0,79.0,68.0,-11.0,-2.0,68.0,57.0,1.799999999999019,Improving,False,True,False,False,False
MMDE003,MODERN,Kelantan,Kuala Sungai Pengkalan Chepa,Estuary,1.0,6.18574,102.303,Kelantan,Kuala Sungai Pengkalan Chepa,Estuary,58.0,Moderate,64.0,59.0,61.0,59.0,58.0,-1.0,-6.0,60.2,58.0,-1.1999999999999298,Declining,False,True,True,True,False
MMDE004,MODERN,Kelantan,Kuala Sungai Pengkalan Datu,Estuary,1.0,6.16928,102.344,Kelantan,Kuala Sungai Pengkalan Datu,Estuary,71.0,Moderate,59.0,69.0,59.0,87.0,71.0,-16.0,12.0,69.0,59.0,4.199999999999031,Improving,False,True,False,False,False
MMDE005,MODERN,Kelantan,Kuala Sungai Kemasin,Estuary,1.0,6.13006,102.371,Kelantan,Kuala Sungai Kemasin,Estuary,58.0,Moderate,59.0,58.0,63.0,89.0,58.0,-31.0,-1.0,65.4,58.0,2.8999999999987955,Improving,False,True,False,False,False
MMQE001,MODERN,Sarawak,Kuala Sungai Semantan,Estuary,1.0,1.81153,109.781,Sarawak,Kuala Sungai Semantan,Estuary,78.0,Moderate,90.0,70.0,71.0,62.0,78.0,16.0,-12.0,74.2,62.0,-3.1999999999997613,Declining,False,True,True,True,True
MMQE002,MODERN,Sarawak,Kuala Sungai Sarawak,Estuary,1.0,1.64103,110.49,Sarawak,Kuala Sungai Sarawak,Estuary,69.0,Moderate,85.0,82.0,71.0,73.0,69.0,-4.0,-16.0,76.0,69.0,-4.099999999999483,Declining,False,True,True,True,True
MMQE003,MODERN,Sarawak,Kuala Sungai Bako,Estuary,1.0,1.68306,110.423,Sarawak,Kuala Sungai Bako,Estuary,65.0,Moderate,79.0,88.0,70.0,68.0,65.0,-3.0,-14.0,74.0,65.0,-4.799999999998945,Declining,False,True,True,True,True
MMQE004,MODERN,Sarawak,Kuala Sungai Santubong,Estuary,1.0,1.70127,110.297,Sarawak,Kuala Sungai Santubong,Estuary,72.0,Moderate,90.0,90.0,64.0,73.0,72.0,-1.0,-18.0,77.8,64.0,-5.299999999999279,Declining,False,True,True,True,True
MMQE005,MODERN,Sarawak,Kuala Batang Krian (Kabong),Estuary,1.0,1.78889,111.099,Sarawak,Kuala Batang Krian (Kabong),Estuary,77.0,Moderate,71.0,87.0,58.0,58.0,77.0,19.0,6.0,70.2,58.0,-1.6999999999990432,Declining,False,True,True,False,False
MMQE006,MODERN,Sarawak,Kuala Batang Rejang,Estuary,1.0,2.12278,111.189,Sarawak,Kuala Batang Rejang,Estuary,87.0,Good,85.0,82.0,59.0,72.0,87.0,15.0,2.0,77.0,59.0,-0.6000000000000245,Declining,False,False,True,False,False
MMQE007,MODERN,Sarawak,Kuala Mukah,Estuary,1.0,2.91466,112.095,Sarawak,Kuala Mukah,Estuary,72.0,Moderate,62.0,70.0,58.0,80.0,72.0,-8.0,10.0,68.4,58.0,2.9999999999993445,Improving,False,True,False,False,False
MMQE008,MODERN,Sarawak,Kuala Batang Kemena,Estuary,1.0,3.1815,113.029,Sarawak,Kuala Batang Kemena,Estuary,72.0,Moderate,58.0,55.0,58.0,61.0,72.0,11.0,14.0,60.8,55.0,3.399999999999426,Improving,False,True,False,False,False
MMQE009,MODERN,Sarawak,Kuala Tanjung Similajau,Estuary,1.0,3.51792,113.301,Sarawak,Kuala Tanjung Similajau,Estuary,69.0,Moderate,85.0,67.0,59.0,59.0,69.0,10.0,-16.0,67.8,59.0,-3.999999999999768,Declining,False,True,True,True,True
MMQE010,MODERN,Sarawak,Kuala Sungai Panipah,Estuary,1.0,3.46967,113.261,Sarawak,Kuala Sungai Panipah,Estuary,65.0,Moderate,83.0,64.0,58.0,62.0,65.0,3.0,-18.0,66.4,58.0,-3.7999999999999656,Declining,False,True,True,True,True
MMQE011,MODERN,Sarawak,Kuala Pantai Nyalau,Estuary,1.0,3.64283,113.383,Sarawak,Kuala Pantai Nyalau,Estuary,64.0,Moderate,71.0,84.0,61.0,59.0,64.0,5.0,-7.0,67.8,59.0,-3.8999999999988946,Declining,False,True,True,True,False
MMQE012,MODERN,Sarawak,Kuala Sungai Baram,Estuary,1.0,4.597,113.969,Sarawak,Kuala Sungai Baram,Estuary,57.0,Moderate,76.0,55.0,61.0,58.0,57.0,-1.0,-19.0,61.4,55.0,-3.50000000000001,Declining,False,True,True,True,True
MMQE013,MODERN,Sarawak,Kuala Sungai Miri,Estuary,1.0,4.39932,113.978,Sarawak,Kuala Sungai Miri,Estuary,57.0,Moderate,63.0,54.0,64.0,57.0,57.0,0.0,-6.0,59.0,54.0,-0.9000000000000143,Declining,False,True,True,True,False
MMSE001,MODERN,Sabah,Kuala Penyu,Estuary,1.0,5.57273,115.605,Sabah,Kuala Penyu,Estuary,64.0,Moderate,58.0,66.0,65.0,57.0,64.0,7.0,6.0,62.0,57.0,0.30000000000037436,Stable,False,True,False,False,False
MMSE002,MODERN,Sabah,Muara Sungai Inanam,Estuary,1.0,6.01272,116.11,Sabah,Muara Sungai Inanam,Estuary,56.0,Moderate,59.0,58.0,59.0,57.0,56.0,-1.0,-3.0,57.8,56.0,-0.6999999999998926,Declining,False,True,True,False,False
MMKR001,MODERN,Kedah,Singa Besar,Island,1.0,6.22604,99.7354,Kedah,Singa Besar,Island,95.0,Excellent,88.0,90.0,96.0,95.0,95.0,0.0,7.0,92.8,88.0,1.899999999999761,Improving,False,False,False,False,False
MMKR002,MODERN,Kedah,Dayang Bunting,Island,1.0,6.20725,99.7803,Kedah,Dayang Bunting,Island,95.0,Excellent,95.0,91.0,96.0,95.0,95.0,0.0,0.0,94.4,91.0,0.399999999999833,Stable,False,False,False,False,False
MMKM001,MODERN,Kedah,Payar,Island,1.0,6.06353,100.042,Kedah,Payar,Island,96.0,Excellent,95.0,96.0,96.0,96.0,96.0,0.0,1.0,95.8,95.0,0.2000000000000012,Stable,False,False,False,False,False
MMKM002,MODERN,Kedah,Kaca,Island,1.0,6.07172,100.052,Kedah,Kaca,Island,96.0,Excellent,95.0,94.0,97.0,97.0,96.0,-1.0,1.0,95.8,94.0,0.49999999999987793,Stable,False,False,False,False,False
MMKD001,MODERN,Kedah,Pantai Kuah,Island,1.0,6.30881,99.8511,Kedah,Pantai Kuah,Island,95.0,Excellent,93.0,91.0,96.0,95.0,95.0,0.0,2.0,94.0,91.0,0.7999999999998277,Improving,False,False,False,False,False
MMKD002,MODERN,Kedah,Pantai Chenang,Island,1.0,6.30267,99.7166,Kedah,Pantai Chenang,Island,95.0,Excellent,91.0,89.0,94.0,96.0,95.0,-1.0,4.0,93.0,89.0,1.4999999999996565,Improving,False,False,False,False,False
MMKD003,MODERN,Kedah,Tanjung Rhu,Island,1.0,6.45681,99.8218,Kedah,Tanjung Rhu,Island,95.0,Excellent,91.0,91.0,96.0,96.0,95.0,-1.0,4.0,93.8,91.0,1.2999999999997847,Improving,False,False,False,False,False
MMKD004,MODERN,Kedah,Teluk Ewa,Island,1.0,6.43425,99.755,Kedah,Teluk Ewa,Island,95.0,Excellent,92.0,96.0,88.0,96.0,95.0,-1.0,3.0,93.4,88.0,0.5999999999999022,Improving,False,False,False,False,False
MMKM003,MODERN,Kedah,Segantang,Island,1.0,6.04353,99.9261,Kedah,Segantang,Island,96.0,Excellent,96.0,96.0,97.0,95.0,96.0,1.0,0.0,96.0,95.0,-0.09999999999993998,Stable,False,False,False,False,False
MMKP004,MODERN,Kedah,Perak,Island,1.0,5.68145,98.936,Kedah,Pulau Perak,Island,96.0,Excellent,92.0,96.0,96.0,96.0,96.0,0.0,4.0,95.2,92.0,0.7999999999999907,Improving,False,False,False,False,False
MMPD001,MODERN,Pulau Pinang,Batu Maung,Island,1.0,5.28524,100.292,P. Pinang,Batu Maung,Island,62.0,Moderate,57.0,59.0,67.0,69.0,62.0,-7.0,5.0,62.8,57.0,1.999999999999635,Improving,False,True,False,False,False
MMPD002,MODERN,Pulau Pinang,Padang Kota,Island,1.0,5.41921,100.346,P. Pinang,Padang Kota,Island,59.0,Moderate,60.0,81.0,75.0,76.0,59.0,-17.0,-1.0,70.2,59.0,-0.6999999999994557,Declining,False,True,True,False,False
MMPR001,MODERN,Pulau Pinang,Aman,Island,1.0,5.26743,100.394,P. Pinang,Aman,Island,91.0,Excellent,72.0,92.0,91.0,92.0,91.0,-1.0,19.0,87.6,72.0,3.799999999999952,Improving,False,False,False,False,False
MMPR002,MODERN,Pulau Pinang,Jerejak,Island,1.0,5.33333,100.317,P. Pinang,Jerejak,Island,88.0,Good,76.0,59.0,73.0,70.0,88.0,18.0,12.0,73.2,59.0,3.499999999999159,Improving,False,False,False,False,False
MMPR003,MODERN,Pulau Pinang,Kendi,Island,1.0,5.23038,100.182,P. Pinang,Kendi,Island,95.0,Excellent,92.0,85.0,96.0,95.0,95.0,0.0,3.0,92.6,85.0,1.599999999999558,Improving,False,False,False,False,False
MMPR004,MODERN,Pulau Pinang,Rimau,Island,1.0,5.24415,100.273,P. Pinang,Rimau,Island,96.0,Excellent,92.0,93.0,96.0,96.0,96.0,0.0,4.0,94.6,92.0,1.0999999999998493,Improving,False,False,False,False,False
MMPD003,MODERN,Pulau Pinang,Teluk Bahang,Island,1.0,5.46083,100.214,P. Pinang,Teluk Bahang,Island,92.0,Excellent,83.0,87.0,94.0,87.0,92.0,5.0,9.0,88.6,83.0,1.799999999999992,Improving,False,False,False,False,False
MMPR005,MODERN,Pulau Pinang,Gedong,Island,1.0,5.27346,100.39,P. Pinang,Gedong,Island,92.0,Excellent,82.0,91.0,91.0,92.0,92.0,0.0,10.0,89.6,82.0,2.099999999999921,Improving,False,False,False,False,False
MMAR001,MODERN,Perak,Pantai Teluk Gedong,Island,1.0,4.19421,100.581,Perak,Pantai Teluk Gedong,Island,94.0,Excellent,88.0,84.0,91.0,96.0,94.0,-2.0,6.0,90.6,84.0,2.399999999999402,Improving,False,False,False,False,False
MMAR002,MODERN,Perak,Pantai Puteri Dewi,Island,1.0,4.25314,100.544,Perak,Pantai Puteri Dewi,Island,94.0,Excellent,95.0,94.0,94.0,96.0,94.0,-2.0,-1.0,94.6,94.0,-7.546360048343934e-14,Stable,False,False,False,False,False
MMAR003,MODERN,Perak,Pangkor Laut,Island,1.0,4.20159,100.547,Perak,Pangkor Laut,Island,95.0,Excellent,96.0,95.0,95.0,94.0,95.0,1.0,-1.0,95.0,94.0,-0.2999999999999506,Stable,False,False,False,False,False
MMAR004,MODERN,Perak,Sembilan,Island,1.0,4.00853,100.544,Perak,Sembilan,Island,95.0,Excellent,94.0,96.0,93.0,96.0,95.0,-1.0,1.0,94.8,93.0,0.1999999999999782,Stable,False,False,False,False,False
MMAP001,MODERN,Perak,Tukun Perak,Island,1.0,4.11689,100.561,Perak,Tukun Perak,Island,95.0,Excellent,96.0,96.0,92.0,96.0,95.0,-1.0,-1.0,95.0,92.0,-0.20000000000002874,Stable,False,False,False,False,False
MMBR001,MODERN,Selangor,Ketam,Island,1.0,3.018,101.258,Selangor,Ketam,Island,81.0,Good,72.0,85.0,94.0,88.0,81.0,-7.0,9.0,84.0,72.0,2.100000000000066,Improving,False,False,False,False,False
MMBR002,MODERN,Selangor,Angsa,Island,1.0,3.18556,101.219,Selangor,Angsa,Island,90.0,Excellent,89.0,83.0,95.0,93.0,90.0,-3.0,1.0,90.0,83.0,1.19999999999963,Improving,False,False,False,False,False
MMBR003,MODERN,Selangor,Lumut,Island,1.0,2.9985,101.362,Selangor,Lumut,Island,54.0,Moderate,50.0,47.0,53.0,53.0,54.0,1.0,4.0,51.4,47.0,1.3999999999996962,Improving,False,True,False,False,False
MMNP001,MODERN,N. Sembilan,Arang,Island,1.0,2.51647,101.795,N. Sembilan,Arang,Island,95.0,Excellent,94.0,92.0,94.0,95.0,95.0,0.0,1.0,94.0,92.0,0.49999999999984357,Stable,False,False,False,False,False
MMMR001,MODERN,Melaka,Upeh (Point A),Island,1.0,2.19489,102.205,Melaka,Upeh (Point A),Island,90.0,Excellent,77.0,77.0,94.0,92.0,90.0,-2.0,13.0,86.0,77.0,4.099999999999346,Improving,False,False,False,False,False
MMMR002,MODERN,Melaka,Upeh (Point B),Island,1.0,2.18975,102.203,Melaka,Upeh (Point B),Island,90.0,Excellent,87.0,85.0,94.0,94.0,90.0,-4.0,3.0,90.0,85.0,1.4999999999996538,Improving,False,False,False,False,False
MMMR003,MODERN,Melaka,Besar (Point A),Island,1.0,2.11669,102.332,Melaka,Besar (Point A),Island,95.0,Excellent,96.0,95.0,95.0,96.0,95.0,-1.0,-1.0,95.4,95.0,-0.10000000000003575,Stable,False,False,False,False,False
MMMR004,MODERN,Melaka,Besar (Point B),Island,1.0,2.10672,102.322,Melaka,Besar (Point B),Island,95.0,Excellent,94.0,94.0,95.0,96.0,95.0,-1.0,1.0,94.8,94.0,0.39999999999991676,Stable,False,False,False,False,False
MMMR005,MODERN,Melaka,Undan (Point A),Island,1.0,2.04894,102.332,Melaka,Undan (Point A),Island,95.0,Excellent,96.0,94.0,95.0,96.0,95.0,-1.0,-1.0,95.2,94.0,-7.19968624187994e-14,Stable,False,False,False,False,False
MMMR006,MODERN,Melaka,Undan (Point B),Island,1.0,2.04728,102.335,Melaka,Undan (Point B),Island,95.0,Excellent,95.0,94.0,94.0,96.0,95.0,-1.0,0.0,94.8,94.0,0.1999999999999041,Stable,False,False,False,False,False
MMJR001,MODERN,Johor,Setindan,Island,1.0,2.47664,103.858,Johor,Setindan,Island,95.0,Excellent,97.0,97.0,96.0,97.0,95.0,-2.0,-2.0,96.4,95.0,-0.39999999999995844,Stable,False,False,False,False,False
MMJR002,MODERN,Johor,Babi Tengah,Island,1.0,2.47549,103.955,Johor,Babi Tengah,Island,96.0,Excellent,93.0,97.0,97.0,97.0,96.0,-1.0,3.0,96.0,93.0,0.6000000000000086,Improving,False,False,False,False,False
MMJM001,MODERN,Johor,Dayang,Island,1.0,2.47022,104.504,Johor,Dayang,Island,97.0,Excellent,95.0,93.0,97.0,96.0,97.0,1.0,2.0,95.6,93.0,0.6999999999998577,Improving,False,False,False,False,False
MMJM002,MODERN,Johor,Nanga Besar,Island,1.0,2.27064,104.129,Johor,Nanga Besar,Island,93.0,Excellent,78.0,94.0,97.0,97.0,93.0,-4.0,15.0,91.8,78.0,3.2999999999998963,Improving,False,False,False,False,False
MMJM003,MODERN,Johor,Sibu Tengah,Island,1.0,2.18192,104.096,Johor,Sibu Tengah,Island,94.0,Excellent,96.0,96.0,97.0,96.0,94.0,-2.0,-2.0,95.8,94.0,-0.3999999999999372,Stable,False,False,False,False,False
MMJM004,MODERN,Johor,Pemanggil,Island,1.0,2.56908,104.326,Johor,Pemanggil,Island,93.0,Excellent,94.0,95.0,96.0,96.0,93.0,-3.0,-1.0,94.8,93.0,-0.09999999999997669,Stable,False,False,False,False,False
MMJP001,MODERN,Johor,Kukup,Island,1.0,1.32831,103.437,Johor,Kukup,Island,84.0,Good,70.0,89.0,73.0,86.0,84.0,-2.0,14.0,80.4,70.0,2.4999999999999427,Improving,False,False,False,False,False
MMJP002,MODERN,Johor,Pisang,Island,1.0,1.46828,103.263,Johor,Pisang,Island,88.0,Good,86.0,90.0,92.0,95.0,88.0,-7.0,2.0,90.2,86.0,0.899999999999858,Improving,False,False,False,False,False
MMCM001,MODERN,Pahang,Tioman (Teluk Salang),Island,1.0,2.775,104.117,Pahang,Pulau Tioman (Kg. Genting),Island,96.0,Excellent,96.0,96.0,97.0,96.0,96.0,0.0,0.0,96.2,96.0,1.7909995837724238e-14,Stable,False,False,False,False,False
MMCM002,MODERN,Pahang,Tioman (Kg. Nipah),Island,1.0,2.87637,104.152,Pahang,Pulau Tioman (Teluk Salang),Island,96.0,Excellent,96.0,97.0,97.0,96.0,96.0,0.0,0.0,96.4,96.0,-0.09999999999993321,Stable,False,False,False,False,False
MMCM003,MODERN,Pahang,Tulai,Island,1.0,2.90532,104.107,Pahang,Tulai,Island,96.0,Excellent,97.0,97.0,97.0,96.0,96.0,0.0,-1.0,96.6,96.0,-0.2999999999999339,Stable,False,False,False,False,False
MMCM004,MODERN,Pahang,Labas,Island,1.0,2.89506,104.047,Pahang,Labas,Island,97.0,Excellent,97.0,97.0,96.0,96.0,97.0,1.0,0.0,96.6,96.0,-0.09999999999996166,Stable,False,False,False,False,False
MMCM005,MODERN,Pahang,Cebeh,Island,1.0,2.93018,104.099,Pahang,Cebeh,Island,97.0,Excellent,96.0,97.0,97.0,97.0,97.0,0.0,1.0,96.8,96.0,0.2000000000000054,Stable,False,False,False,False,False
MMCM006,MODERN,Pahang,Sepui,Island,1.0,2.88598,104.067,Pahang,Sepui,Island,96.0,Excellent,97.0,96.0,97.0,97.0,96.0,-1.0,-1.0,96.6,96.0,-0.10000000000001186,Stable,False,False,False,False,False
MMCM007,MODERN,Pahang,Sembilang,Island,1.0,2.67006,103.91,Pahang,Sembilang,Island,97.0,Excellent,97.0,97.0,97.0,97.0,97.0,0.0,0.0,97.0,97.0,1.5870362578864422e-15,Stable,False,False,False,False,False
MMCM008,MODERN,Pahang,Seri Buat,Island,1.0,2.70019,103.898,Pahang,Seri Buat,Island,96.0,Excellent,97.0,97.0,97.0,96.0,96.0,0.0,-1.0,96.6,96.0,-0.2999999999999339,Stable,False,False,False,False,False
MMCM009,MODERN,Pahang,Tokong Bahara,Island,1.0,2.66424,104.065,Pahang,Tokong Bahara,Island,96.0,Excellent,95.0,97.0,97.0,95.0,96.0,1.0,1.0,96.0,95.0,1.054545987721638e-13,Stable,False,False,False,False,False
MMTR001,MODERN,Terengganu,Gemia,Island,1.0,5.23106,103.261,Terengganu,Gemia,Island,94.0,Excellent,94.0,97.0,97.0,97.0,94.0,-3.0,0.0,95.8,94.0,6.230847592105481e-14,Stable,False,False,False,False,False
MMTM001,MODERN,Terengganu,Perhentian Besar (South),Island,1.0,5.89448,102.736,Terengganu,Perhentian Besar (South),Island,97.0,Excellent,97.0,96.0,97.0,96.0,97.0,1.0,0.0,96.6,96.0,1.7165810139331818e-15,Stable,False,False,False,False,False
MMTM002,MODERN,Terengganu,Perhentian Besar (West),Island,1.0,5.88931,102.751,Terengganu,Perhentian Besar (West),Island,96.0,Excellent,96.0,97.0,97.0,97.0,96.0,-1.0,0.0,96.6,96.0,2.5026626107976864e-14,Stable,False,False,False,False,False
MMTM003,MODERN,Terengganu,Perhentian Kecil,Island,1.0,5.91792,102.725,Terengganu,Perhentian Kecil,Island,96.0,Excellent,97.0,97.0,96.0,97.0,96.0,-1.0,-1.0,96.6,96.0,-0.19999999999998705,Stable,False,False,False,False,False
MMTM004,MODERN,Terengganu,Redang (North),Island,1.0,5.77561,103.037,Terengganu,Redang (North),Island,96.0,Excellent,96.0,97.0,97.0,97.0,96.0,-1.0,0.0,96.6,96.0,2.5026626107976864e-14,Stable,False,False,False,False,False
MMTM005,MODERN,Terengganu,Redang (South),Island,1.0,5.75253,103.003,Terengganu,Redang (South),Island,97.0,Excellent,96.0,97.0,97.0,96.0,97.0,1.0,1.0,96.6,96.0,0.10000000000005091,Stable,False,False,False,False,False
MMTM006,MODERN,Terengganu,Lang Tengah,Island,1.0,5.79247,102.89,Terengganu,Lang Tengah,Island,96.0,Excellent,97.0,97.0,97.0,97.0,96.0,-1.0,-1.0,96.8,96.0,-0.19999999999997572,Stable,False,False,False,False,False
MMTM007,MODERN,Terengganu,Pinang,Island,1.0,5.74797,103.003,Terengganu,Pinang,Island,96.0,Excellent,96.0,97.0,97.0,97.0,96.0,-1.0,0.0,96.6,96.0,2.5026626107976864e-14,Stable,False,False,False,False,False
MMTM008,MODERN,Terengganu,Ekor Tebu,Island,1.0,5.74044,103.029,Terengganu,Ekor Tebu,Island,95.0,Excellent,97.0,97.0,97.0,96.0,95.0,-1.0,-2.0,96.4,95.0,-0.4999999999999048,Stable,False,False,False,False,False
MMTM009,MODERN,Terengganu,Lima,Island,1.0,5.76986,103.059,Terengganu,Lima,Island,97.0,Excellent,97.0,97.0,97.0,97.0,97.0,0.0,0.0,97.0,97.0,1.5870362578864422e-15,Stable,False,False,False,False,False
MMTM010,MODERN,Terengganu,Kapas,Island,1.0,5.21697,103.26,Terengganu,Kapas,Island,93.0,Excellent,96.0,97.0,97.0,96.0,93.0,-3.0,-3.0,95.8,93.0,-0.6999999999998667,Declining,False,False,True,False,False
MMDP001,MODERN,Kelantan,Panjang,Island,1.0,6.207,102.258,Kelantan,Panjang,Island,92.0,Excellent,92.0,95.0,95.0,96.0,92.0,-4.0,0.0,94.0,92.0,0.10000000000002482,Stable,False,False,False,False,False
MMDP002,MODERN,Kelantan,Kundur,Island,1.0,6.18946,102.292,Kelantan,Kundur,Island,95.0,Excellent,92.0,96.0,95.0,96.0,95.0,-1.0,3.0,94.8,92.0,0.6000000000000028,Improving,False,False,False,False,False
MMQP001,MODERN,Sarawak,Satang,Island,1.0,1.77766,110.165,Sarawak,Satang,Island,88.0,Good,86.0,89.0,81.0,78.0,88.0,10.0,2.0,84.4,78.0,-0.6999999999996452,Declining,False,False,True,False,False
MMQP002,MODERN,Sarawak,Talang-Talang Kecil,Island,1.0,1.89347,109.767,Sarawak,Talang-Talang Kecil,Island,81.0,Good,93.0,86.0,84.0,59.0,81.0,22.0,-12.0,80.6,59.0,-5.09999999999877,Declining,False,False,True,True,True
MMQP003,MODERN,Sarawak,Talang-Talang Besar,Island,1.0,1.91103,109.777,Sarawak,Talang-Talang Besar,Island,78.0,Moderate,93.0,80.0,60.0,62.0,78.0,16.0,-15.0,74.6,60.0,-4.799999999999462,Declining,False,True,True,True,True
MMSR001,MODERN,Sabah,Gaya,Island,1.0,6.01346,116.051,Sabah,Gaya,Island,85.0,Good,72.0,58.0,58.0,71.0,85.0,14.0,13.0,68.8,58.0,3.89999999999891,Improving,False,False,False,False,False
MMSR002,MODERN,Sabah,Mabul,Island,1.0,4.24877,118.633,Sabah,Mabul,Island,60.0,Moderate,71.0,74.0,59.0,58.0,60.0,2.0,-11.0,64.4,58.0,-3.7999999999992475,Declining,False,True,True,True,True
MMSR003,MODERN,Sabah,Sipadan (N),Island,1.0,4.11766,118.628,Sabah,Sipadan (N),Island,75.0,Moderate,66.0,86.0,58.0,71.0,75.0,4.0,9.0,71.2,58.0,0.3000000000003983,Stable,False,True,False,False,False
MMSR004,MODERN,Sabah,Sipadan (W),Island,1.0,4.11417,118.626,Sabah,Sipadan (W),Island,86.0,Good,61.0,62.0,62.0,67.0,86.0,19.0,25.0,67.6,61.0,5.4999999999992575,Improving,False,False,False,False,False
MMSM001,MODERN,Sabah,Sapi,Island,1.0,6.00727,116.01,Sabah,Sapi,Island,86.0,Good,81.0,58.0,59.0,69.0,86.0,17.0,5.0,70.6,58.0,2.099999999999006,Improving,False,False,False,False,False
MMSR005,MODERN,Sabah,Manukan,Island,1.0,5.97335,116.005,Sabah,Manukan,Island,86.0,Good,86.0,57.0,59.0,62.0,86.0,24.0,0.0,70.0,57.0,0.49999999999926703,Stable,False,False,False,False,False
MMSR006,MODERN,Sabah,Tiga,Island,1.0,5.71661,115.651,Sabah,Tiga,Island,89.0,Good,58.0,61.0,71.0,59.0,89.0,30.0,31.0,67.6,58.0,5.999999999999602,Improving,False,False,False,False,False
MMSM002,MODERN,Sabah,Kalampunian Besar,Island,1.0,5.74821,115.676,Sabah,Kalampunian Besar,Island,87.0,Good,58.0,64.0,60.0,58.0,87.0,29.0,29.0,65.4,58.0,5.199999999999654,Improving,False,False,False,False,False
MMSR007,MODERN,Sabah,Kapalai,Island,1.0,4.22746,118.684,Sabah,Kapalai,Island,73.0,Moderate,77.0,69.0,63.0,58.0,73.0,15.0,-4.0,68.0,58.0,-1.899999999999697,Declining,False,True,True,False,False
MMSR008,MODERN,Sabah,Molleangan Besar,Island,1.0,7.08223,117.044,Sabah,Molleangan Besar,Island,73.0,Moderate,61.0,85.0,59.0,76.0,73.0,-3.0,12.0,70.8,59.0,1.5000000000001819,Improving,False,True,False,False,False
MMSR009,MODERN,Sabah,Banggi (South),Island,1.0,7.11169,117.088,Sabah,Banggi (South),Island,81.0,Good,58.0,81.0,59.0,60.0,81.0,21.0,23.0,67.8,58.0,2.500000000000479,Improving,False,False,False,False,False
MMSR010,MODERN,Sabah,Banggi (East),Island,1.0,7.13697,117.107,Sabah,Banggi (East),Island,77.0,Moderate,60.0,85.0,58.0,68.0,77.0,9.0,17.0,69.6,58.0,1.7000000000004127,Improving,False,True,False,False,False
MMSR011,MODERN,Sabah,Balambangan,Island,1.0,7.23201,116.913,Sabah,Balambangan,Island,85.0,Good,71.0,85.0,59.0,73.0,85.0,12.0,14.0,74.6,59.0,1.6000000000000745,Improving,False,False,False,False,False
MMSP001,MODERN,Sabah,Selingan,Island,1.0,6.17535,118.059,Sabah,Selingan,Island,87.0,Good,74.0,81.0,59.0,77.0,87.0,10.0,13.0,75.6,59.0,2.1999999999996884,Improving,False,False,False,False,False
MMSP002,MODERN,Sabah,Gulisan,Island,1.0,6.14957,118.056,Sabah,Gulisan,Island,77.0,Moderate,70.0,72.0,59.0,59.0,77.0,18.0,7.0,67.4,59.0,0.10000000000022977,Stable,False,True,False,False,False
MMSP003,MODERN,Sabah,Bakungan Kecil,Island,1.0,6.16391,118.109,Sabah,Bakungan Kecil,Island,84.0,Good,75.0,88.0,59.0,65.0,84.0,19.0,9.0,74.2,59.0,-0.49999999999941847,Stable,False,False,False,False,False
MMSR012,MODERN,Sabah,Mantanani Besar,Island,1.0,6.70493,116.358,Sabah,Mantanani Besar,Island,71.0,Moderate,58.0,58.0,59.0,61.0,71.0,10.0,13.0,61.4,58.0,2.8999999999996047,Improving,False,True,False,False,False
MMLM001,MODERN,Labuan,Kuraman,Island,1.0,5.21875,115.14,W.P. Labuan,Kuraman,Island,87.0,Good,58.0,58.0,59.0,74.0,87.0,13.0,29.0,67.2,58.0,7.399999999998705,Improving,False,False,False,False,False
MMLM002,MODERN,Labuan,Rusukan Besar,Island,1.0,5.19,115.142,W.P. Labuan,Rusukan Besar,Island,69.0,Moderate,58.0,64.0,59.0,73.0,69.0,-4.0,11.0,64.6,58.0,3.0999999999994237,Improving,False,True,False,False,False
MMLM003,MODERN,Labuan,Rusukan Kecil,Island,1.0,5.20178,115.148,W.P. Labuan,Rusukan Kecil,Island,65.0,Moderate,58.0,59.0,59.0,71.0,65.0,-6.0,7.0,62.4,58.0,2.5999999999993686,Improving,False,True,False,False,False
MMLD001,MODERN,Labuan,Pohon Batu,Island,1.0,5.38053,115.229,W.P. Labuan,Pohon Batu,Island,79.0,Moderate,58.0,58.0,59.0,72.0,79.0,7.0,21.0,65.2,58.0,5.599999999998968,Improving,False,True,False,False,False
MMLD002,MODERN,Labuan,Water Front,Island,1.0,5.27275,115.249,W.P. Labuan,Water Front,Island,83.0,Good,58.0,63.0,59.0,58.0,83.0,25.0,25.0,64.2,58.0,4.499999999999689,Improving,False,False,False,False,False
MMLD003,MODERN,Labuan,Lubuk Temiang,Island,1.0,5.37187,115.248,W.P. Labuan,Lubuk Temiang,Island,83.0,Good,58.0,63.0,58.0,74.0,83.0,9.0,25.0,67.2,58.0,6.099999999999013,Improving,False,False,False,False,False
MMLD004,MODERN,Labuan,Ranca-Ranca,Island,1.0,5.24192,115.24,W.P. Labuan,Ranca-Ranca,Island,78.0,Moderate,60.0,59.0,59.0,75.0,78.0,3.0,18.0,66.2,59.0,5.199999999998918,Improving,False,True,False,False,False
MMKC009,MODERN,Kedah,Pantai Beras Basah*,Coastal,1.0,6.23086,99.718,Kedah,Pantai Beras Basah,Coastal,95.0,Excellent,92.0,96.0,96.0,96.0,95.0,-1.0,3.0,95.0,92.0,0.6000000000000102,Improving,False,False,False,False,False
MMPC015,MODERN,Pulau Pinang,Pantai Sungai Batu Ferringhi 3*,Coastal,1.0,5.480744,100.253394,P. Pinang,Pantai Sungai Batu Ferringhi 3,Coastal,90.0,Excellent,86.0,92.0,92.0,91.0,90.0,-1.0,4.0,90.2,86.0,0.7000000000000797,Improving,False,False,False,False,False
MMPC016,MODERN,Pulau Pinang,Pantai Sungai Batu Ferringhi 2*,Coastal,1.0,5.47719,100.249,P. Pinang,Pantai Sungai Batu Ferringhi 2,Coastal,91.0,Excellent,90.0,94.0,94.0,93.0,91.0,-2.0,1.0,92.4,90.0,0.10000000000010052,Stable,False,False,False,False,False
MMPC017,MODERN,Pulau Pinang,Pantai Sungai Batu Ferringhi 1*,Coastal,1.0,5.4728,100.244,P. Pinang,Pantai Sungai Batu Ferringhi 1,Coastal,93.0,Excellent,91.0,91.0,92.0,91.0,93.0,2.0,2.0,91.6,91.0,0.39999999999998054,Stable,False,False,False,False,False
MMAC005,MODERN,Perak,Pantai Teluk Rubiah*,Coastal,1.0,4.16016,100.622,Perak,Pantai Teluk Rubiah,Coastal,95.0,Excellent,90.0,81.0,88.0,96.0,95.0,-1.0,5.0,90.0,81.0,2.4999999999992064,Improving,False,False,False,False,False
MMAC006,MODERN,Perak,Pantai Damai Laut*,Coastal,1.0,4.26412,100.589,Perak,Pantai Damai Laut,Coastal,91.0,Excellent,94.0,91.0,93.0,95.0,91.0,-4.0,-3.0,92.8,91.0,-0.20000000000012627,Stable,False,False,False,False,False
MMAC007,MODERN,Perak,Pantai Teluk Senangin*,Coastal,1.0,4.29387,100.582,Perak,Pantai Teluk Senangin,Coastal,92.0,Excellent,90.0,93.0,95.0,95.0,92.0,-3.0,2.0,93.0,90.0,0.5999999999999643,Improving,False,False,False,False,False
MMBC005,MODERN,Selangor,Pantai Remis*,Coastal,1.0,3.20073,101.302,Selangor,Pantai Remis,Coastal,80.0,Good,83.0,79.0,92.0,84.0,80.0,-4.0,-3.0,83.6,79.0,-0.10000000000002535,Stable,False,False,False,False,False
MMBC006,MODERN,Selangor,Pantai Klanang*,Coastal,1.0,2.78927,101.409,Selangor,Pantai Klanang,Coastal,68.0,Moderate,74.0,69.0,82.0,66.0,68.0,2.0,-6.0,71.8,66.0,-1.4999999999996407,Declining,False,True,True,True,False
MMNC013,MODERN,N. Sembilan,Pantai Teluk Kemang*,Coastal,1.0,2.44777,101.854,N. Sembilan,Pantai Teluk Kemang,Coastal,94.0,Excellent,91.0,95.0,95.0,94.0,94.0,0.0,3.0,93.8,91.0,0.5000000000000566,Improving,False,False,False,False,False
MMNC014,MODERN,N. Sembilan,Pantai Seri Purnama*,Coastal,1.0,2.44313,101.855,N. Sembilan,Pantai Seri Purnama,Coastal,95.0,Excellent,92.0,96.0,92.0,95.0,95.0,0.0,3.0,94.0,92.0,0.5000000000000008,Improving,False,False,False,False,False
MMMC009,MODERN,Melaka,Pantai Klebang*,Coastal,1.0,2.21607,102.191,Melaka,Pantai Klebang,Coastal,91.0,Excellent,87.0,89.0,88.0,85.0,91.0,6.0,4.0,88.0,85.0,0.4000000000001042,Stable,False,False,False,False,False
MMJC025,MODERN,Johor,Pantai Penyabung*,Coastal,1.0,2.64874,103.75,Johor,Pantai Penyabung,Coastal,95.0,Excellent,95.0,96.0,94.0,95.0,95.0,0.0,0.0,95.0,94.0,-0.09999999999996301,Stable,False,False,False,False,False
MMJC026,MODERN,Johor,Tanjung Resang*,Coastal,1.0,2.57397,103.817,Johor,Tanjung Resang,Coastal,94.0,Excellent,92.0,94.0,94.0,95.0,94.0,-1.0,2.0,93.8,92.0,0.4999999999999581,Stable,False,False,False,False,False
MMJC027,MODERN,Johor,Tanjung Balau*,Coastal,1.0,1.61269,104.261,Johor,Tanjung Balau,Coastal,94.0,Excellent,94.0,94.0,97.0,96.0,94.0,-2.0,0.0,95.0,94.0,0.19999999999996457,Stable,False,False,False,False,False
MMJC028,MODERN,Johor,Batu Layar*,Coastal,1.0,1.44611,104.296,Johor,Batu Layar,Coastal,94.0,Excellent,92.0,95.0,97.0,96.0,94.0,-2.0,2.0,94.8,92.0,0.5000000000000017,Improving,False,False,False,False,False
MMJC029,MODERN,Johor,Tanjung Sengat*,Coastal,1.0,1.56073,104.03,Johor,Tanjung Sengat,Coastal,88.0,Good,85.0,92.0,83.0,89.0,88.0,-1.0,3.0,87.4,83.0,0.30000000000006427,Stable,False,False,False,False,False
MMCC021,MODERN,Pahang,Pantai Chendor*,Coastal,1.0,4.16419,103.414,Pahang,Pantai Chendor,Coastal,95.0,Excellent,92.0,84.0,95.0,96.0,95.0,-1.0,3.0,92.4,84.0,1.7999999999994498,Improving,False,False,False,False,False
MMCC022,MODERN,Pahang,Pantai Lanjut*,Coastal,1.0,2.84378,103.472,Pahang,Pantai Lanjut,Coastal,96.0,Excellent,94.0,91.0,95.0,93.0,96.0,3.0,2.0,93.8,91.0,0.5999999999998811,Improving,False,False,False,False,False
MMTC008,MODERN,Terengganu,Pantai Rhu 10*,Coastal,1.0,5.65011,102.774,Terengganu,Pantai Rhu 10,Coastal,96.0,Excellent,97.0,90.0,97.0,97.0,96.0,-1.0,-1.0,95.4,90.0,0.49999999999970185,Stable,False,False,False,False,False
MMTC009,MODERN,Terengganu,Pantai Tok Jembal*,Coastal,1.0,5.40042,103.107,Terengganu,Pantai Tok Jembal,Coastal,94.0,Excellent,95.0,96.0,97.0,96.0,94.0,-2.0,-1.0,95.6,94.0,-0.19999999999994292,Stable,False,False,False,False,False
MMTC010,MODERN,Terengganu,Pantai Kelulut*,Coastal,1.0,5.19043,103.226,Terengganu,Pantai Kelulut,Coastal,89.0,Good,96.0,97.0,97.0,96.0,89.0,-7.0,-7.0,95.0,89.0,-1.4999999999997797,Declining,False,False,True,True,False
MMTC011,MODERN,Terengganu,Pantai Teluk Ketapang*,Coastal,1.0,5.38492,103.118,Terengganu,Pantai Teluk Ketapang,Coastal,95.0,Excellent,96.0,96.0,97.0,96.0,95.0,-1.0,-1.0,96.0,95.0,-0.1999999999999553,Stable,False,False,False,False,False
MMTC012,MODERN,Terengganu,Pantai Kuala Abang*,Coastal,1.0,4.82743,103.42,Terengganu,Pantai Kuala Abang,Coastal,95.0,Excellent,95.0,97.0,97.0,96.0,95.0,-1.0,0.0,96.0,95.0,-0.09999999999990986,Stable,False,False,False,False,False
MMTC013,MODERN,Terengganu,Pantai Teluk Kalong*,Coastal,1.0,4.28333,103.478,Terengganu,Pantai Teluk Kalong,Coastal,96.0,Excellent,95.0,97.0,96.0,97.0,96.0,-1.0,1.0,96.2,95.0,0.20000000000001114,Stable,False,False,False,False,False
MMTC014,MODERN,Terengganu,Pantai Sura*,Coastal,1.0,4.77019,103.424,Terengganu,Pantai Sura,Coastal,92.0,Excellent,94.0,96.0,97.0,96.0,92.0,-4.0,-2.0,95.0,92.0,-0.3999999999998941,Stable,False,False,False,False,False
MMTC015,MODERN,Terengganu,Pantai Tanjung Bidara*,Coastal,1.0,4.78506,103.438,Terengganu,Pantai Tanjung Bidara,Coastal,96.0,Excellent,94.0,97.0,97.0,97.0,96.0,-1.0,2.0,96.2,94.0,0.4000000000000138,Stable,False,False,False,False,False
MMTC016,MODERN,Terengganu,Pantai Kemasik*,Coastal,1.0,4.45595,103.449,Terengganu,Pantai Kemasik,Coastal,95.0,Excellent,97.0,97.0,96.0,95.0,95.0,0.0,-2.0,96.0,95.0,-0.5999999999998812,Declining,False,False,True,False,False
MMDC006,MODERN,Kelantan,Pantai Melawi*,Coastal,1.0,5.99465,102.441,Kelantan,Pantai Melawi,Coastal,95.0,Excellent,95.0,95.0,95.0,96.0,95.0,-1.0,0.0,95.2,95.0,0.0999999999999672,Stable,False,False,False,False,False
MMQC017,MODERN,Sarawak,Pantai Mukah*,Coastal,1.0,2.93974,112.167,Sarawak,Pantai Mukah,Coastal,79.0,Moderate,89.0,89.0,76.0,75.0,79.0,4.0,-10.0,81.6,75.0,-3.399999999999388,Declining,False,True,True,True,True
MMQC018,MODERN,Sarawak,Tanjung Kidurong*,Coastal,1.0,3.25601,113.049,Sarawak,Tanjung Kidurong,Coastal,69.0,Moderate,80.0,90.0,58.0,75.0,69.0,-6.0,-11.0,74.4,58.0,-3.699999999999413,Declining,False,True,True,True,True
MMQC019,MODERN,Sarawak,Pasir Pandak*,Coastal,1.0,1.69883,110.301,Sarawak,Pasir Pandak,Coastal,78.0,Moderate,91.0,91.0,66.0,74.0,78.0,4.0,-13.0,80.0,66.0,-4.299999999999369,Declining,False,True,True,True,True
MMQC020,MODERN,Sarawak,Rambungan*,Coastal,1.0,1.70326,110.108,Sarawak,Rambungan,Coastal,82.0,Good,93.0,83.0,71.0,76.0,82.0,6.0,-11.0,81.0,71.0,-2.899999999999829,Declining,False,False,True,True,True
MMQC021,MODERN,Sarawak,Sri Tanjung Lawas*,Coastal,1.0,4.97162,115.242,Sarawak,Sri Tanjung Lawas,Coastal,84.0,Good,68.0,67.0,59.0,59.0,84.0,25.0,16.0,67.4,59.0,2.399999999999835,Improving,False,False,False,False,False
MMQC022,MODERN,Sarawak,Pantai Luak*,Coastal,1.0,4.28427,113.938,Sarawak,Pantai Luak,Coastal,70.0,Moderate,84.0,56.0,57.0,57.0,70.0,13.0,-14.0,64.8,56.0,-2.7000000000002515,Declining,False,True,True,True,True
MMQC023,MODERN,Sarawak,Pasir Panjang*,Coastal,1.0,3.09593,112.836,Sarawak,Pasir Panjang,Coastal,75.0,Moderate,86.0,78.0,58.0,68.0,75.0,7.0,-11.0,73.0,58.0,-3.199999999999782,Declining,False,True,True,True,True
MMKE003,MODERN,Kedah,Kuala Segantang Garam*,Estuary,1.0,5.67869,100.373,Kedah,Kuala Segantang Garam,Estuary,56.0,Moderate,69.0,72.0,58.0,57.0,56.0,-1.0,-13.0,62.4,56.0,-4.099999999999228,Declining,False,True,True,True,True
MMKE004,MODERN,Kedah,Kuala Sungai Muda*,Estuary,1.0,5.57735,100.341,Kedah,Kuala Sungai Muda,Estuary,57.0,Moderate,56.0,57.0,56.0,57.0,57.0,0.0,1.0,56.6,56.0,0.1999999999999836,Stable,False,True,False,False,False
MMME006,MODERN,Melaka,Kuala Sungai Melaka 2*,Estuary,1.0,2.186872,102.243231,Melaka,Kuala Sungai Melaka 2,Estuary,56.0,Moderate,56.0,54.0,55.0,55.0,56.0,1.0,0.0,55.2,54.0,0.0999999999999357,Stable,False,True,False,False,False
MMME007,MODERN,Melaka,Kuala Sungai Baru*,Estuary,1.0,2.35244,102.033,Melaka,Kuala Sungai Baru,Estuary,55.0,Moderate,57.0,64.0,54.0,56.0,55.0,-1.0,-2.0,57.2,54.0,-1.199999999999634,Declining,False,True,True,False,False
MMME008,MODERN,Melaka,Kuala Sungai Lereh,Estuary,1.0,2.22003,102.176,Melaka,Kuala Sungai Lereh,Estuary,55.0,Moderate,55.0,56.0,53.0,49.0,55.0,6.0,0.0,53.6,49.0,-0.6999999999997326,Declining,False,True,True,False,False
MMJE002,MODERN,Johor,Kuala Sungai Laloh,Estuary,1.0,1.43514,103.924,Johor,Kuala Sungai Laloh,Estuary,54.0,Moderate,55.0,54.0,52.0,59.0,54.0,-5.0,-1.0,54.8,52.0,0.29999999999976645,Stable,False,True,False,False,False
MMCE001,MODERN,Pahang,Kuala Kuantan*,Estuary,1.0,3.80482,103.343,Pahang,Kuala Kuantan,Estuary,59.0,Moderate,58.0,58.0,58.0,60.0,59.0,-1.0,1.0,58.6,58.0,0.3999999999998973,Stable,False,True,False,False,False
MMCE002,MODERN,Pahang,Kuala Rompin Kecil*,Estuary,1.0,2.82218,103.485,Pahang,Kuala Rompin Kecil,Estuary,82.0,Good,72.0,79.0,90.0,87.0,82.0,-5.0,10.0,82.0,72.0,2.799999999999749,Improving,False,False,False,False,False
MMCE003,MODERN,Pahang,Kuala Pahang*,Estuary,1.0,3.53044,103.472,Pahang,Kuala Pahang,Estuary,59.0,Moderate,57.0,59.0,81.0,59.0,59.0,0.0,2.0,63.0,57.0,0.4000000000003185,Stable,False,True,False,False,False
MMCE004,MODERN,Pahang,Kuala Nenasi*,Estuary,1.0,3.08099,103.441,Pahang,Kuala Nenasi,Estuary,62.0,Moderate,85.0,91.0,89.0,89.0,62.0,-27.0,-23.0,83.2,62.0,-4.7999999999993115,Declining,False,True,True,True,True
MMCE005,MODERN,Pahang,Kuala Sungai Balok*,Estuary,1.0,3.93492,103.377,Pahang,Kuala Sungai Balok,Estuary,51.0,Moderate,55.0,65.0,54.0,41.0,51.0,10.0,-4.0,53.2,41.0,-3.199999999998882,Declining,False,True,True,False,False
MMDE006,MODERN,Kelantan,Kuala Sungai Semerak*,Estuary,1.0,5.89734,102.486,Kelantan,Kuala Sungai Semerak,Estuary,59.0,Moderate,85.0,60.0,83.0,91.0,59.0,-32.0,-26.0,75.6,59.0,-2.100000000000843,Declining,False,True,True,True,True
MMQE014,MODERN,Sarawak,Kuala Sungai Trusan*,Estuary,1.0,2.87553,111.878,Sarawak,Kuala Sungai Trusan,Estuary,73.0,Moderate,64.0,56.0,58.0,78.0,73.0,-5.0,9.0,65.8,56.0,3.9999999999987645,Improving,False,True,False,False,False
MMKR003,MODERN,Kedah,Dayang Bunting 2*,Island,1.0,6.203111,99.781489,Kedah,Dayang Bunting 2,Island,95.0,Excellent,92.0,94.0,96.0,96.0,95.0,-1.0,3.0,94.6,92.0,0.7999999999999198,Improving,False,False,False,False,False
MMKP001,MODERN,Kedah,Pasir*,Island,1.0,6.4535,99.7949,Kedah,Pasir,Island,95.0,Excellent,96.0,96.0,96.0,96.0,95.0,-1.0,-1.0,95.8,95.0,-0.19999999999997353,Stable,False,False,False,False,False
MMKP002,MODERN,Kedah,Gasing*,Island,1.0,6.45413,99.7902,Kedah,Gasing,Island,96.0,Excellent,92.0,97.0,96.0,96.0,96.0,0.0,4.0,95.4,92.0,0.7000000000000368,Improving,False,False,False,False,False
MMKP003,MODERN,Kedah,Dangli*,Island,1.0,6.44737,99.7776,Kedah,Dangli,Island,93.0,Excellent,91.0,97.0,96.0,96.0,93.0,-3.0,2.0,94.6,91.0,0.3000000000001043,Stable,False,False,False,False,False
MMPP001,MODERN,Pulau Pinang,Tanjung Tokong*,Island,1.0,5.45629,100.315,P. Pinang,Tanjung Tokong,Island,93.0,Excellent,68.0,83.0,88.0,93.0,93.0,0.0,25.0,85.0,68.0,5.999999999999392,Improving,False,False,False,False,False
